entry_date,end_date,holding_days,total_return_pct,annualized_return_pct
2014-10-17,2015-04-24,126,15.4664,33.3249
2014-10-20,2015-04-27,126,14.8756,31.964
2014-10-21,2015-04-28,126,14.4297,30.9415
2014-10-22,2015-04-29,126,15.9147,34.3622
2014-10-23,2015-04-30,126,16.5269,35.7851
2014-10-24,2015-05-04,126,16.5658,35.8759
2014-10-27,2015-05-05,126,15.6559,33.7629
2014-10-28,2015-05-06,126,14.917,32.0591
2014-10-29,2015-05-07,126,14.065,30.1082
2014-10-30,2015-05-08,126,16.1347,34.8728
2014-10-31,2015-05-11,126,18.376,40.1288
2014-11-03,2015-05-12,126,19.2576,42.2236
2014-11-04,2015-05-13,126,19.8258,43.5822
2014-11-05,2015-05-14,126,21.3646,47.2936
2014-11-06,2015-05-15,126,20.9937,46.3947
2014-11-07,2015-05-18,126,22.4771,50.0065
2014-11-10,2015-05-19,126,22.29,49.5485
2014-11-11,2015-05-20,126,24.6961,55.4912
2014-11-12,2015-05-21,126,25.1482,56.6208
2014-11-13,2015-05-22,126,26.1922,59.2447
2014-11-14,2015-05-25,126,27.0423,61.3973
2014-11-17,2015-05-26,126,26.9131,61.0692
2014-11-18,2015-05-27,126,27.0354,61.3799
2014-11-19,2015-05-28,126,24.2745,54.4415
2014-11-20,2015-05-29,126,25.2244,56.8114
2014-11-21,2015-06-01,126,26.5557,60.1635
2014-11-24,2015-06-02,126,27.6561,62.9607
2014-11-25,2015-06-03,126,27.1886,61.7695
2014-11-26,2015-06-04,126,26.5778,60.2195
2014-11-27,2015-06-05,126,26.7965,60.7735
2014-11-28,2015-06-08,126,26.0881,58.9821
2014-12-01,2015-06-09,126,27.616,62.8585
2014-12-02,2015-06-10,126,26.5922,60.2558
2014-12-03,2015-06-11,126,27.229,61.8723
2014-12-04,2015-06-12,126,27.1173,61.5881
2014-12-05,2015-06-15,126,27.1276,61.6143
2014-12-08,2015-06-16,126,26.3602,59.669
2014-12-09,2015-06-17,126,27.7316,63.1537
2014-12-10,2015-06-18,126,25.2355,56.8392
2014-12-11,2015-06-19,126,23.1938,51.7671
2014-12-12,2015-06-23,126,22.6502,50.4308
2014-12-15,2015-06-24,126,22.571,50.2365
2014-12-16,2015-06-25,126,22.1891,49.3018
2014-12-17,2015-06-26,126,19.8818,43.7165
2014-12-18,2015-06-29,126,18.2918,39.9295
2014-12-19,2015-06-30,126,19.4663,42.722
2014-12-22,2015-07-01,126,19.3947,42.551
2014-12-23,2015-07-02,126,18.354,40.0767
2014-12-24,2015-07-03,126,16.2679,35.1822
2014-12-25,2015-07-06,126,15.4474,33.2811
2014-12-26,2015-07-07,126,14.0555,30.0866
2014-12-29,2015-07-08,126,12.4864,26.532
2014-12-30,2015-07-09,126,14.6451,31.4351
2015-01-05,2015-07-10,126,14.9149,32.0543
2015-01-06,2015-07-13,126,15.2168,32.7491
2015-01-07,2015-07-14,126,15.9823,34.5189
2015-01-08,2015-07-15,126,14.7636,31.7067
2015-01-09,2015-07-16,126,15.1257,32.5392
2015-01-12,2015-07-17,126,16.9765,36.835
2015-01-13,2015-07-20,126,16.3791,35.4409
2015-01-14,2015-07-21,126,17.2726,37.5287
2015-01-15,2015-07-22,126,17.319,37.6374
2015-01-16,2015-07-23,126,17.2349,37.4402
2015-01-19,2015-07-24,126,17.3558,37.7238
2015-01-20,2015-07-27,126,13.8634,29.6488
2015-01-21,2015-07-28,126,11.8022,24.9972
2015-01-22,2015-07-29,126,12.9611,27.6021
2015-01-23,2015-07-30,126,11.9345,25.2934
2015-01-26,2015-07-31,126,10.2511,21.5531
2015-01-27,2015-08-03,126,8.5878,17.9132
2015-01-28,2015-08-04,126,10.0809,21.178
2015-01-29,2015-08-05,126,10.7271,22.6049
2015-01-30,2015-08-06,126,11.4529,24.2175
2015-02-02,2015-08-07,126,12.6022,26.7925
2015-02-03,2015-08-10,126,13.0795,27.8697
2015-02-04,2015-08-11,126,14.1677,30.3426
2015-02-05,2015-08-12,126,14.6664,31.4839
2015-02-06,2015-08-13,126,16.7936,36.4075
2015-02-09,2015-08-14,126,17.7005,38.5341
2015-02-10,2015-08-17,126,17.7738,38.7066
2015-02-11,2015-08-18,126,14.3872,30.8444
2015-02-12,2015-08-19,126,15.6168,33.6725
2015-02-13,2015-08-20,126,14.5395,31.193
2015-02-16,2015-08-21,126,8.5816,17.8997
2015-02-17,2015-08-24,126,6.5223,13.4701
2015-02-25,2015-08-25,126,5.1078,10.4766
2015-02-26,2015-08-26,126,4.2871,8.7581
2015-02-27,2015-08-27,126,4.2045,8.5859
2015-03-02,2015-08-28,126,4.4135,9.0218
2015-03-03,2015-08-31,126,3.9952,8.15
2015-03-04,2015-09-01,126,2.6477,5.3654
2015-03-05,2015-09-02,126,1.7572,3.5453
2015-03-06,2015-09-07,126,2.2959,4.6444
2015-03-09,2015-09-08,126,3.1891,6.4799
2015-03-10,2015-09-09,126,4.174,8.5222
2015-03-11,2015-09-10,126,3.4633,7.0466
2015-03-12,2015-09-11,126,3.9355,8.0259
2015-03-13,2015-09-14,126,2.069,4.1808
2015-03-16,2015-09-15,126,0.713,1.4312
2015-03-17,2015-09-16,126,2.1596,4.3659
2015-03-18,2015-09-17,126,1.8872,3.8101
2015-03-19,2015-09-18,126,1.791,3.614
2015-03-20,2015-09-21,126,2.6466,5.3633
2015-03-23,2015-09-22,126,1.4332,2.887
2015-03-24,2015-09-23,126,1.081,2.1737
2015-03-25,2015-09-24,126,1.1043,2.2208
2015-03-26,2015-09-25,126,0.3965,0.7946
2015-03-27,2015-09-28,126,0.8436,1.6943
2015-03-30,2015-09-29,126,0.4271,0.8559
2015-03-31,2015-09-30,126,0.3134,0.6278
2015-04-01,2015-10-08,126,1.1027,2.2175
2015-04-02,2015-10-09,126,0.1845,0.3694
2015-04-03,2015-10-12,126,1.7085,3.4462
2015-04-07,2015-10-13,126,1.0606,2.1325
2015-04-08,2015-10-14,126,1.6533,3.3339
2015-04-09,2015-10-15,126,3.2336,6.5717
2015-04-10,2015-10-16,126,2.7531,5.5821
2015-04-13,2015-10-19,126,1.425,2.8702
2015-04-14,2015-10-20,126,2.3904,4.838
2015-04-15,2015-10-21,126,2.0516,4.1454
2015-04-16,2015-10-22,126,2.5128,5.0888
2015-04-17,2015-10-23,126,3.5278,7.1801
2015-04-20,2015-10-26,126,4.1424,8.4564
2015-04-21,2015-10-27,126,3.056,6.2055
2015-04-22,2015-10-28,126,2.1091,4.2628
2015-04-23,2015-10-29,126,-1.5376,-3.0516
2015-04-24,2015-10-30,126,1.4597,2.9407
2015-04-27,2015-11-02,126,-2.716,-5.3582
2015-04-28,2015-11-03,126,0.9422,1.8933
2015-04-29,2015-11-04,126,1.1806,2.3751
2015-04-30,2015-11-05,126,-2.7389,-5.4029
2015-05-04,2015-11-06,126,-1.957,-3.8758
2015-05-05,2015-11-09,126,2.5887,5.2444
2015-05-06,2015-11-10,126,2.8704,5.8233
2015-05-07,2015-11-11,126,3.9319,8.0183
2015-05-08,2015-11-12,126,-1.2345,-2.4537
2015-05-11,2015-11-13,126,-2.9564,-5.8254
2015-05-12,2015-11-16,126,-2.5401,-5.0157
2015-05-13,2015-11-17,126,-3.553,-6.9798
2015-05-14,2015-11-18,126,-4.6634,-9.1094
2015-05-15,2015-11-19,126,-3.8895,-7.6276
2015-05-18,2015-11-20,126,-4.0952,-8.0226
2015-05-19,2015-11-23,126,-1.8554,-3.6764
2015-05-20,2015-11-24,126,-1.5953,-3.1651
2015-05-21,2015-11-25,126,-2.1349,-4.2243
2015-05-22,2015-11-26,126,-2.5681,-5.0703
2015-05-25,2015-11-27,126,-5.3692,-10.4502
2015-05-26,2015-11-30,126,-6.518,-12.6111
2015-05-27,2015-12-01,126,-6.231,-12.0737
2015-05-28,2015-12-02,126,-5.2856,-10.2919
2015-05-29,2015-12-03,126,-4.986,-9.7235
2015-06-01,2015-12-04,126,-6.4112,-12.4113
2015-06-02,2015-12-07,126,-6.1489,-11.9196
2015-06-03,2015-12-08,126,-6.9601,-13.4358
2015-06-04,2015-12-09,126,-6.6698,-12.8948
2015-06-05,2015-12-10,126,-7.4374,-14.3217
2015-06-08,2015-12-11,126,-6.5522,-12.675
2015-06-09,2015-12-14,126,-6.0998,-11.8275
2015-06-10,2015-12-15,126,-6.3673,-12.3292
2015-06-11,2015-12-16,126,-7.1338,-13.7587
2015-06-12,2015-12-17,126,-6.4881,-12.5553
2015-06-15,2015-12-18,126,-6.4858,-12.5509
2015-06-16,2015-12-21,126,-4.7277,-9.232
2015-06-17,2015-12-22,126,-4.4196,-8.6439
2015-06-18,2015-12-23,126,-4.6341,-9.0535
2015-06-19,2015-12-24,126,-2.9236,-5.7617
2015-06-23,2015-12-25,126,-2.3467,-4.6384
2015-06-24,2015-12-28,126,-3.2035,-6.3044
2015-06-25,2015-12-29,126,-1.432,-2.8435
2015-06-26,2015-12-30,126,1.1089,2.2302
2015-06-29,2016-01-04,126,-3.3021,-6.4951
2015-06-30,2016-01-05,126,-4.4229,-8.6503
2015-07-01,2016-01-06,126,-2.4195,-4.7805
2015-07-02,2016-01-07,126,-2.1608,-4.2748
2015-07-03,2016-01-08,126,-0.6492,-1.2943
2015-07-06,2016-01-11,126,-1.0996,-2.1871
2015-07-07,2016-01-12,126,-0.1168,-0.2334
2015-07-08,2016-01-13,126,-0.1696,-0.3389
2015-07-09,2016-01-14,126,-0.0867,-0.1733
2015-07-10,2016-01-15,126,-1.8285,-3.6236
2015-07-13,2016-01-18,126,-2.2357,-4.4215
2015-07-14,2016-01-19,126,-1.9244,-3.8118
2015-07-15,2016-01-20,126,-1.0763,-2.141
2015-07-16,2016-01-21,126,-1.8904,-3.745
2015-07-17,2016-01-22,126,-2.7932,-5.5084
2015-07-20,2016-01-25,126,-2.4624,-4.8643
2015-07-21,2016-01-26,126,-3.8485,-7.5488
2015-07-22,2016-01-27,126,-4.003,-7.8458
2015-07-23,2016-01-28,126,-5.5479,-10.7881
2015-07-24,2016-01-29,126,-4.5353,-8.8648
2015-07-27,2016-02-01,126,-3.8029,-7.4612
2015-07-28,2016-02-02,126,-1.8518,-3.6693
2015-07-29,2016-02-03,126,-2.5512,-5.0373
2015-07-30,2016-02-04,126,-0.8981,-1.7881
2015-07-31,2016-02-05,126,-0.2698,-0.5389
2015-08-03,2016-02-15,126,1.669,3.3659
2015-08-04,2016-02-16,126,1.2561,2.528
2015-08-05,2016-02-17,126,1.9142,3.8651
2015-08-06,2016-02-18,126,1.9085,3.8535
2015-08-07,2016-02-19,126,1.2778,2.572
2015-08-10,2016-02-22,126,0.3961,0.7937
2015-08-11,2016-02-23,126,-0.4797,-0.957
2015-08-12,2016-02-24,126,-1.0296,-2.0485
2015-08-13,2016-02-25,126,-2.7831,-5.4887
2015-08-14,2016-02-26,126,-2.7884,-5.499
2015-08-17,2016-02-29,126,-4.5186,-8.8331
2015-08-18,2016-03-01,126,-2.3553,-4.655
2015-08-19,2016-03-02,126,-2.3869,-4.7168
2015-08-20,2016-03-03,126,-1.889,-3.7423
2015-08-21,2016-03-04,126,-1.6543,-3.2812
2015-08-24,2016-03-07,126,0.6375,1.279
2015-08-25,2016-03-08,126,2.7977,5.6737
2015-08-26,2016-03-09,126,3.3614,6.8358
2015-08-27,2016-03-10,126,2.1833,4.4142
2015-08-28,2016-03-11,126,1.0853,2.1823
2015-08-31,2016-03-14,126,2.5136,5.0903
2015-09-01,2016-03-15,126,3.2955,6.6996
2015-09-02,2016-03-16,126,7.3103,15.155
2015-09-07,2016-03-17,126,8.5577,17.8478
2015-09-08,2016-03-18,126,5.433,11.1612
2015-09-09,2016-03-21,126,4.666,9.5497
2015-09-10,2016-03-22,126,5.5593,11.4276
2015-09-11,2016-03-23,126,5.1947,10.6591
2015-09-14,2016-03-24,126,6.3734,13.153
2015-09-15,2016-03-25,126,10.4173,21.9198
2015-09-16,2016-03-28,126,6.0968,12.5654
2015-09-17,2016-03-29,126,5.5176,11.3396
2015-09-18,2016-03-30,126,6.2599,12.9116
2015-09-21,2016-03-31,126,4.7072,9.636
2015-09-22,2016-04-01,126,4.6679,9.5536
2015-09-23,2016-04-05,126,5.6249,11.5663
2015-09-24,2016-04-06,126,5.2888,10.8573
2015-09-25,2016-04-07,126,5.6334,11.5843
2015-09-28,2016-04-08,126,5.1605,10.5874
2015-09-29,2016-04-11,126,6.7733,14.0054
2015-09-30,2016-04-12,126,6.8122,14.0884
2015-10-08,2016-04-13,126,5.4331,11.1615
2015-10-09,2016-04-14,126,5.0554,10.3664
2015-10-12,2016-04-15,126,3.5517,7.2295
2015-10-13,2016-04-18,126,3.0261,6.1437
2015-10-14,2016-04-19,126,3.3011,6.7112
2015-10-15,2016-04-20,126,1.1862,2.3865
2015-10-16,2016-04-21,126,0.9394,1.8876
2015-10-19,2016-04-22,126,0.9254,1.8593
2015-10-20,2016-04-25,126,0.153,0.3063
2015-10-21,2016-04-26,126,1.912,3.8606
2015-10-22,2016-04-27,126,1.3103,2.6378
2015-10-23,2016-04-28,126,0.4516,0.9052
2015-10-26,2016-04-29,126,0.9142,1.8368
2015-10-27,2016-05-03,126,1.9283,3.8939
2015-10-28,2016-05-04,126,2.2174,4.484
2015-10-29,2016-05-05,126,2.457,4.9745
2015-10-30,2016-05-06,126,1.9686,3.9759
2015-11-02,2016-05-09,126,1.6732,3.3744
2015-11-03,2016-05-10,126,1.5236,3.0704
2015-11-04,2016-05-11,126,0.7684,1.5427
2015-11-05,2016-05-12,126,0.9254,1.8595
2015-11-06,2016-05-13,126,0.5401,1.0831
2015-11-09,2016-05-16,126,1.1798,2.3735
2015-11-10,2016-05-17,126,0.7489,1.5033
2015-11-11,2016-05-18,126,-0.5514,-1.0998
2015-11-12,2016-05-19,126,-0.8377,-1.6684
2015-11-13,2016-05-20,126,-0.0643,-0.1286
2015-11-16,2016-05-23,126,-0.753,-1.5003
2015-11-17,2016-05-24,126,-0.4467,-0.8915
2015-11-18,2016-05-25,126,-0.4036,-0.8056
2015-11-19,2016-05-26,126,-0.959,-1.9088
2015-11-20,2016-05-27,126,-1.7047,-3.3803
2015-11-23,2016-05-30,126,-1.5949,-3.1643
2015-11-24,2016-05-31,126,-0.7603,-1.5148
2015-11-25,2016-06-01,126,-1.2176,-2.4203
2015-11-26,2016-06-02,126,-0.6333,-1.2626
2015-11-27,2016-06-03,126,0.7521,1.5098
2015-11-30,2016-06-06,126,1.8447,3.7235
2015-12-01,2016-06-07,126,1.35,2.7182
2015-12-02,2016-06-08,126,1.9864,4.0122
2015-12-03,2016-06-13,126,1.5808,3.1866
2015-12-04,2016-06-14,126,1.3525,2.7233
2015-12-07,2016-06-15,126,1.2307,2.4766
2015-12-08,2016-06-16,126,2.4683,4.9976
2015-12-09,2016-06-17,126,1.7748,3.5811
2015-12-10,2016-06-20,126,2.0215,4.0839
2015-12-11,2016-06-21,126,1.847,3.7281
2015-12-14,2016-06-22,126,1.361,2.7405
2015-12-15,2016-06-23,126,1.2853,2.5871
2015-12-16,2016-06-24,126,2.2673,4.586
2015-12-17,2016-06-27,126,2.377,4.8105
2015-12-18,2016-06-28,126,2.7568,5.5895
2015-12-21,2016-06-29,126,2.3401,4.7349
2015-12-22,2016-06-30,126,1.7747,3.581
2015-12-23,2016-07-01,126,2.6263,5.3215
2015-12-24,2016-07-04,126,3.5342,7.1932
2015-12-25,2016-07-05,126,3.2428,6.5907
2015-12-28,2016-07-06,126,4.4835,9.1681
2015-12-29,2016-07-07,126,4.0218,8.2053
2015-12-30,2016-07-08,126,3.3931,6.9013
2016-01-04,2016-07-11,126,5.8331,12.0064
2016-01-05,2016-07-12,126,6.1543,12.6874
2016-01-06,2016-07-13,126,5.2794,10.8374
2016-01-07,2016-07-14,126,6.6758,13.7972
2016-01-08,2016-07-15,126,6.4351,13.2843
2016-01-11,2016-07-18,126,8.1996,17.0715
2016-01-12,2016-07-19,126,8.8639,18.5134
2016-01-13,2016-07-20,126,10.2881,21.6347
2016-01-14,2016-07-21,126,8.6329,18.011
2016-01-15,2016-07-22,126,9.7808,20.5183
2016-01-18,2016-07-25,126,8.8026,18.38
2016-01-19,2016-07-26,126,8.1324,16.9262
2016-01-20,2016-07-27,126,6.9496,14.3822
2016-01-21,2016-07-28,126,8.2106,17.0952
2016-01-22,2016-07-29,126,7.5043,15.5718
2016-01-25,2016-08-01,126,6.8979,14.2716
2016-01-26,2016-08-02,126,9.0795,18.9834
2016-01-27,2016-08-03,126,9.5909,20.1017
2016-01-28,2016-08-04,126,11.0754,23.3775
2016-01-29,2016-08-05,126,10.1888,21.4158
2016-02-01,2016-08-08,126,10.0498,21.1096
2016-02-02,2016-08-09,126,9.1426,19.121
2016-02-03,2016-08-10,126,9.1609,19.161
2016-02-04,2016-08-11,126,7.5138,15.5921
2016-02-05,2016-08-12,126,7.8378,16.2899
2016-02-15,2016-08-15,126,7.2076,14.9346
2016-02-16,2016-08-16,126,6.6767,13.7991
2016-02-17,2016-08-17,126,5.9825,12.3228
2016-02-18,2016-08-18,126,6.2473,12.8848
2016-02-19,2016-08-19,126,5.7377,11.8047
2016-02-22,2016-08-22,126,4.8035,9.8377
2016-02-23,2016-08-23,126,5.0325,10.3184
2016-02-24,2016-08-24,126,4.8815,10.0013
2016-02-25,2016-08-25,126,6.3636,13.1321
2016-02-26,2016-08-26,126,6.5624,13.5555
2016-02-29,2016-08-29,126,8.744,18.2526
2016-03-01,2016-08-30,126,7.7648,16.1325
2016-03-02,2016-08-31,126,6.5466,13.5218
2016-03-03,2016-09-01,126,5.9802,12.3181
2016-03-04,2016-09-02,126,6.6824,13.8114
2016-03-07,2016-09-05,126,6.4259,13.2648
2016-03-08,2016-09-06,126,6.5561,13.5421
2016-03-09,2016-09-07,126,7.8251,16.2625
2016-03-10,2016-09-08,126,8.6471,18.042
2016-03-11,2016-09-09,126,7.963,16.5602
2016-03-14,2016-09-12,126,6.1096,12.5926
2016-03-15,2016-09-13,126,7.0808,14.663
2016-03-16,2016-09-14,126,6.9751,14.4366
2016-03-17,2016-09-19,126,5.6564,11.6328
2016-03-18,2016-09-20,126,4.5691,9.347
2016-03-21,2016-09-21,126,4.3174,8.8212
2016-03-22,2016-09-22,126,4.5247,9.2541
2016-03-23,2016-09-23,126,4.467,9.1336
2016-03-24,2016-09-26,126,4.6618,9.5409
2016-03-25,2016-09-27,126,4.4954,9.1929
2016-03-28,2016-09-28,126,4.4926,9.187
2016-03-29,2016-09-29,126,5.0022,10.2547
2016-03-30,2016-09-30,126,3.8689,7.8876
2016-03-31,2016-10-10,126,3.5421,7.2097
2016-04-01,2016-10-11,126,3.7845,7.7123
2016-04-05,2016-10-12,126,3.1232,6.344
2016-04-06,2016-10-13,126,3.0136,6.118
2016-04-07,2016-10-14,126,3.3512,6.8147
2016-04-08,2016-10-17,126,3.1756,6.452
2016-04-11,2016-10-18,126,2.8682,5.8186
2016-04-12,2016-10-19,126,2.913,5.9108
2016-04-13,2016-10-20,126,3.0073,6.105
2016-04-14,2016-10-21,126,2.7229,5.52
2016-04-15,2016-10-24,126,3.0098,6.1102
2016-04-18,2016-10-25,126,3.5536,7.2336
2016-04-19,2016-10-26,126,3.1939,6.4899
2016-04-20,2016-10-27,126,4.3768,8.9452
2016-04-21,2016-10-28,126,4.1858,8.5468
2016-04-22,2016-10-31,126,4.3524,8.8942
2016-04-25,2016-11-01,126,5.0682,10.3933
2016-04-26,2016-11-02,126,4.8438,9.9223
2016-04-27,2016-11-03,126,4.8236,9.8798
2016-04-28,2016-11-04,126,4.5863,9.383
2016-04-29,2016-11-07,126,4.1359,8.4428
2016-05-03,2016-11-08,126,2.9014,5.887
2016-05-04,2016-11-09,126,3.7436,7.6273
2016-05-05,2016-11-10,126,3.4185,6.9538
2016-05-06,2016-11-11,126,4.1987,8.5738
2016-05-09,2016-11-14,126,4.7937,9.8172
2016-05-10,2016-11-15,126,5.5212,11.3473
2016-05-11,2016-11-16,126,5.8217,11.9824
2016-05-12,2016-11-17,126,5.7352,11.7994
2016-05-13,2016-11-18,126,5.2278,10.7289
2016-05-16,2016-11-21,126,4.7389,9.7024
2016-05-17,2016-11-22,126,5.2261,10.7254
2016-05-18,2016-11-23,126,5.9802,12.3181
2016-05-19,2016-11-24,126,5.7003,11.7255
2016-05-20,2016-11-25,126,5.1813,10.631
2016-05-23,2016-11-28,126,4.9747,10.1969
2016-05-24,2016-11-29,126,5.0275,10.3077
2016-05-25,2016-11-30,126,5.287,10.8535
2016-05-26,2016-12-01,126,5.0006,10.2513
2016-05-27,2016-12-02,126,4.6499,9.516
2016-05-30,2016-12-05,126,4.9546,10.1547
2016-05-31,2016-12-06,126,3.5733,7.2742
2016-06-01,2016-12-07,126,3.5457,7.2172
2016-06-02,2016-12-08,126,3.2297,6.5637
2016-06-03,2016-12-09,126,3.1363,6.3709
2016-06-06,2016-12-12,126,0.8905,1.789
2016-06-07,2016-12-13,126,0.9421,1.893
2016-06-08,2016-12-14,126,0.7602,1.5261
2016-06-13,2016-12-15,126,1.4314,2.8832
2016-06-14,2016-12-16,126,1.5189,3.061
2016-06-15,2016-12-19,126,0.4796,0.9615
2016-06-16,2016-12-20,126,-0.1209,-0.2416
2016-06-17,2016-12-21,126,0.444,0.89
2016-06-20,2016-12-22,126,0.1181,0.2364
2016-06-21,2016-12-23,126,0.2208,0.4421
2016-06-22,2016-12-26,126,0.2778,0.5564
2016-06-23,2016-12-27,126,0.4679,0.9381
2016-06-24,2016-12-28,126,-0.4206,-0.8395
2016-06-27,2016-12-29,126,-1.2239,-2.4327
2016-06-28,2016-12-30,126,-1.1151,-2.2177
2016-06-29,2017-01-03,126,-1.1669,-2.3201
2016-06-30,2017-01-04,126,-0.7868,-1.5675
2016-07-01,2017-01-05,126,-1.1249,-2.2371
2016-07-04,2017-01-06,126,-2.2161,-4.3831
2016-07-05,2017-01-09,126,-2.0146,-3.9886
2016-07-06,2017-01-10,126,-2.5305,-4.997
2016-07-07,2017-01-11,126,-2.6939,-5.3152
2016-07-08,2017-01-12,126,-2.6078,-5.1476
2016-07-11,2017-01-13,126,-3.138,-6.1775
2016-07-12,2017-01-16,126,-4.0589,-7.953
2016-07-13,2017-01-17,126,-3.631,-7.1302
2016-07-14,2017-01-18,126,-3.7386,-7.3375
2016-07-15,2017-01-19,126,-3.9387,-7.7223
2016-07-18,2017-01-20,126,-3.3178,-6.5255
2016-07-19,2017-01-23,126,-3.1661,-6.2321
2016-07-20,2017-01-24,126,-3.2415,-6.378
2016-07-21,2017-01-25,126,-3.2002,-6.298
2016-07-22,2017-01-26,126,-3.1637,-6.2274
2016-07-25,2017-02-03,126,-2.7266,-5.3788
2016-07-26,2017-02-06,126,-2.5303,-4.9966
2016-07-27,2017-02-07,126,-1.108,-2.2037
2016-07-28,2017-02-08,126,-1.1684,-2.3232
2016-07-29,2017-02-09,126,-0.486,-0.9696
2016-08-01,2017-02-10,126,-0.6022,-1.2008
2016-08-02,2017-02-13,126,-0.7183,-1.4314
2016-08-03,2017-02-14,126,-1.006,-2.002
2016-08-04,2017-02-15,126,-1.3145,-2.6117
2016-08-05,2017-02-16,126,-1.1737,-2.3336
2016-08-08,2017-02-17,126,-1.0827,-2.1536
2016-08-09,2017-02-20,126,-1.1749,-2.3361
2016-08-10,2017-02-21,126,-1.1341,-2.2553
2016-08-11,2017-02-22,126,-0.4692,-0.9362
2016-08-12,2017-02-23,126,-0.6381,-1.2721
2016-08-15,2017-02-24,126,-0.7486,-1.4916
2016-08-16,2017-02-27,126,-1.1461,-2.279
2016-08-17,2017-02-28,126,-1.1252,-2.2378
2016-08-18,2017-03-01,126,-1.3888,-2.7583
2016-08-19,2017-03-02,126,-1.5585,-3.0926
2016-08-22,2017-03-03,126,-1.1248,-2.2369
2016-08-23,2017-03-06,126,-0.9003,-1.7924
2016-08-24,2017-03-07,126,-1.0466,-2.0822
2016-08-25,2017-03-08,126,-0.9093,-1.8104
2016-08-26,2017-03-09,126,-1.2705,-2.5249
2016-08-29,2017-03-10,126,-1.4524,-2.8837
2016-08-30,2017-03-13,126,-1.1095,-2.2067
2016-08-31,2017-03-14,126,-1.1708,-2.328
2016-09-01,2017-03-15,126,-0.9351,-1.8614
2016-09-02,2017-03-16,126,-0.1538,-0.3073
2016-09-05,2017-03-17,126,-0.7362,-1.467
2016-09-06,2017-03-20,126,-0.951,-1.893
2016-09-07,2017-03-21,126,-1.3308,-2.6438
2016-09-08,2017-03-22,126,-1.3214,-2.6253
2016-09-09,2017-03-23,126,-1.002,-1.994
2016-09-12,2017-03-24,126,-0.1316,-0.2631
2016-09-13,2017-03-27,126,-0.0963,-0.1925
2016-09-14,2017-03-28,126,-0.0186,-0.0371
2016-09-19,2017-03-29,126,-0.4374,-0.8728
2016-09-20,2017-03-30,126,-0.9442,-1.8795
2016-09-21,2017-03-31,126,-1.1561,-2.2989
2016-09-22,2017-04-05,126,-0.6972,-1.3894
2016-09-23,2017-04-06,126,-0.5572,-1.1114
2016-09-26,2017-04-07,126,0.1993,0.399
2016-09-27,2017-04-10,126,-0.3379,-0.6747
2016-09-28,2017-04-11,126,0.1208,0.2417
2016-09-29,2017-04-12,126,0.1851,0.3706
2016-09-30,2017-04-13,126,0.2073,0.415
2016-10-10,2017-04-14,126,0.3686,0.7386
2016-10-11,2017-04-17,126,-0.1943,-0.3882
2016-10-12,2017-04-18,126,-0.4827,-0.963
2016-10-13,2017-04-19,126,-0.9103,-1.8123
2016-10-14,2017-04-20,126,-0.9493,-1.8896
2016-10-17,2017-04-21,126,-0.8873,-1.7667
2016-10-18,2017-04-24,126,-2.276,-4.5001
2016-10-19,2017-04-25,126,-2.1693,-4.2916
2016-10-20,2017-04-26,126,-2.511,-4.959
2016-10-21,2017-04-27,126,-2.1178,-4.1907
2016-10-24,2017-04-28,126,-2.1828,-4.318
2016-10-25,2017-05-02,126,-2.2858,-4.5194
2016-10-26,2017-05-03,126,-2.3926,-4.7279
2016-10-27,2017-05-04,126,-2.7073,-5.3413
2016-10-28,2017-05-05,126,-2.8836,-5.6841
2016-10-31,2017-05-08,126,-3.4104,-6.7044
2016-11-01,2017-05-09,126,-3.5847,-7.041
2016-11-02,2017-05-10,126,-4.2074,-8.2378
2016-11-03,2017-05-11,126,-4.5807,-8.9516
2016-11-04,2017-05-12,126,-4.3817,-8.5714
2016-11-07,2017-05-15,126,-4.1492,-8.1262
2016-11-08,2017-05-16,126,-3.7368,-7.334
2016-11-09,2017-05-17,126,-4.2716,-8.3607
2016-11-10,2017-05-18,126,-4.0746,-7.9833
2016-11-11,2017-05-19,126,-3.889,-7.6267
2016-11-14,2017-05-22,126,-3.5389,-6.9525
2016-11-15,2017-05-23,126,-4.4086,-8.6228
2016-11-16,2017-05-24,126,-4.7459,-9.2667
2016-11-17,2017-05-25,126,-4.3026,-8.4201
2016-11-18,2017-05-26,126,-3.9593,-7.7618
2016-11-21,2017-05-31,126,-4.4092,-8.624
2016-11-22,2017-06-01,126,-5.197,-10.1239
2016-11-23,2017-06-02,126,-4.938,-9.6322
2016-11-24,2017-06-05,126,-4.0034,-7.8465
2016-11-25,2017-06-06,126,-3.5806,-7.033
2016-11-28,2017-06-07,126,-3.3383,-6.5651
2016-11-29,2017-06-08,126,-3.0727,-6.051
2016-11-30,2017-06-09,126,-3.1578,-6.2159
2016-12-01,2017-06-12,126,-3.5249,-6.9256
2016-12-02,2017-06-13,126,-2.7673,-5.458
2016-12-05,2017-06-14,126,-2.5476,-5.0304
2016-12-06,2017-06-15,126,-2.4516,-4.8431
2016-12-07,2017-06-16,126,-2.7511,-5.4265
2016-12-08,2017-06-19,126,-2.7056,-5.3381
2016-12-09,2017-06-20,126,-2.6089,-5.1496
2016-12-12,2017-06-21,126,-1.0995,-2.187
2016-12-13,2017-06-22,126,-1.4518,-2.8826
2016-12-14,2017-06-23,126,-1.3526,-2.687
2016-12-15,2017-06-26,126,-1.1098,-2.2073
2016-12-16,2017-06-27,126,-1.3074,-2.5977
2016-12-19,2017-06-28,126,-1.6062,-3.1867
2016-12-20,2017-06-29,126,-1.4246,-2.8288
2016-12-21,2017-06-30,126,-1.7889,-3.5458
2016-12-22,2017-07-03,126,-1.5145,-3.0061
2016-12-23,2017-07-04,126,-1.4793,-2.9367
2016-12-26,2017-07-05,126,-1.5332,-3.043
2016-12-27,2017-07-06,126,-1.6035,-3.1813
2016-12-28,2017-07-07,126,-1.612,-3.198
2016-12-29,2017-07-10,126,-2.0966,-4.1493
2016-12-30,2017-07-11,126,-2.4982,-4.934
2017-01-03,2017-07-12,126,-2.5048,-4.9469
2017-01-04,2017-07-13,126,-2.6938,-5.3151
2017-01-05,2017-07-14,126,-2.8325,-5.5848
2017-01-06,2017-07-17,126,-3.5187,-6.9135
2017-01-09,2017-07-18,126,-3.466,-6.8119
2017-01-10,2017-07-19,126,-3.221,-6.3382
2017-01-11,2017-07-20,126,-2.8959,-5.708
2017-01-12,2017-07-21,126,-2.5701,-5.0742
2017-01-13,2017-07-24,126,-1.8894,-3.7431
2017-01-16,2017-07-25,126,-1.0768,-2.142
2017-01-17,2017-07-26,126,-1.6896,-3.3506
2017-01-18,2017-07-27,126,-0.8926,-1.7772
2017-01-19,2017-07-28,126,-0.5547,-1.1063
2017-01-20,2017-07-31,126,-0.7454,-1.4852
2017-01-23,2017-08-01,126,-1.0815,-2.1512
2017-01-24,2017-08-02,126,-1.116,-2.2195
2017-01-25,2017-08-03,126,-0.9224,-1.8362
2017-01-26,2017-08-04,126,-0.8455,-1.6839
2017-02-03,2017-08-07,126,-1.2227,-2.4304
2017-02-06,2017-08-08,126,-1.6869,-3.3454
2017-02-07,2017-08-09,126,-1.751,-3.4713
2017-02-08,2017-08-10,126,-1.918,-3.7993
2017-02-09,2017-08-11,126,-2.4386,-4.8177
2017-02-10,2017-08-14,126,-1.6653,-3.3028
2017-02-13,2017-08-15,126,-1.984,-3.9286
2017-02-14,2017-08-16,126,-1.8949,-3.7539
2017-02-15,2017-08-17,126,-1.1031,-2.194
2017-02-16,2017-08-18,126,-1.4412,-2.8616
2017-02-17,2017-08-21,126,-1.2484,-2.4813
2017-02-20,2017-08-22,126,-1.5856,-3.1461
2017-02-21,2017-08-23,126,-2.0088,-3.9773
2017-02-22,2017-08-24,126,-2.1949,-4.3416
2017-02-23,2017-08-25,126,-2.0539,-4.0656
2017-02-24,2017-08-28,126,-2.0691,-4.0955
2017-02-27,2017-08-29,126,-1.7423,-3.4543
2017-02-28,2017-08-30,126,-1.9551,-3.8719
2017-03-01,2017-08-31,126,-1.7861,-3.5402
2017-03-02,2017-09-01,126,-1.3195,-2.6217
2017-03-03,2017-09-04,126,-0.837,-1.667
2017-03-06,2017-09-05,126,-1.1578,-2.3022
2017-03-07,2017-09-06,126,-0.8954,-1.7829
2017-03-08,2017-09-07,126,-0.8277,-1.6485
2017-03-09,2017-09-08,126,-0.4556,-0.9092
2017-03-10,2017-09-11,126,-0.131,-0.2619
2017-03-13,2017-09-12,126,-0.7229,-1.4407
2017-03-14,2017-09-13,126,-0.4332,-0.8646
2017-03-15,2017-09-14,126,-0.4941,-0.9858
2017-03-16,2017-09-15,126,-1.156,-2.2987
2017-03-17,2017-09-18,126,-1.0424,-2.0739
2017-03-20,2017-09-19,126,-1.3608,-2.703
2017-03-21,2017-09-20,126,-1.0495,-2.0879
2017-03-22,2017-09-21,126,-1.6306,-3.2345
2017-03-23,2017-09-22,126,-1.6888,-3.3491
2017-03-24,2017-09-25,126,-2.0218,-4.0027
2017-03-27,2017-09-26,126,-1.8362,-3.6387
2017-03-28,2017-09-27,126,-1.7334,-3.4367
2017-03-29,2017-09-28,126,-1.7494,-3.4683
2017-03-30,2017-09-29,126,-0.9429,-1.8769
2017-03-31,2017-10-09,126,-0.73,-1.4547
2017-04-05,2017-10-10,126,-1.3275,-2.6373
2017-04-06,2017-10-11,126,-1.5334,-3.0432
2017-04-07,2017-10-12,126,-1.7043,-3.3795
2017-04-10,2017-10-13,126,-1.2245,-2.434
2017-04-11,2017-10-16,126,-1.7693,-3.5072
2017-04-12,2017-10-17,126,-2.0158,-3.9911
2017-04-13,2017-10-18,126,-2.5129,-4.9626
2017-04-14,2017-10-19,126,-2.4794,-4.8974
2017-04-17,2017-10-20,126,-1.7685,-3.5057
2017-04-18,2017-10-23,126,-1.4325,-2.8445
2017-04-19,2017-10-24,126,-1.161,-2.3085
2017-04-20,2017-10-25,126,-0.9683,-1.9273
2017-04-21,2017-10-26,126,-0.6169,-1.2299
2017-04-24,2017-10-27,126,-0.0119,-0.0239
2017-04-25,2017-10-30,126,-0.6997,-1.3945
2017-04-26,2017-10-31,126,-0.4629,-0.9237
2017-04-27,2017-11-01,126,-0.6867,-1.3687
2017-04-28,2017-11-02,126,-1.1386,-2.2643
2017-05-02,2017-11-03,126,-1.4169,-2.8138
2017-05-03,2017-11-06,126,-1.1362,-2.2595
2017-05-04,2017-11-07,126,-0.4766,-0.9509
2017-05-05,2017-11-08,126,0.0017,0.0035
2017-05-08,2017-11-09,126,0.7177,1.4405
2017-05-09,2017-11-10,126,1.0649,2.1411
2017-05-10,2017-11-13,126,1.6348,3.2964
2017-05-11,2017-11-14,126,1.6182,3.2626
2017-05-12,2017-11-15,126,1.4097,2.8393
2017-05-15,2017-11-16,126,1.0937,2.1993
2017-05-16,2017-11-17,126,-0.2796,-0.5585
2017-05-17,2017-11-20,126,-0.2267,-0.4528
2017-05-18,2017-11-21,126,-0.431,-0.8601
2017-05-19,2017-11-22,126,-0.3179,-0.6347
2017-05-22,2017-11-23,126,-0.4798,-0.9573
2017-05-23,2017-11-24,126,0.2173,0.435
2017-05-24,2017-11-27,126,0.1343,0.2688
2017-05-25,2017-11-28,126,0.282,0.5649
2017-05-26,2017-11-29,126,0.3489,0.699
2017-05-31,2017-11-30,126,0.2377,0.476
2017-06-01,2017-12-01,126,0.9761,1.9618
2017-06-02,2017-12-04,126,0.495,0.9925
2017-06-05,2017-12-05,126,-0.7198,-1.4345
2017-06-06,2017-12-06,126,-0.8942,-1.7803
2017-06-07,2017-12-07,126,-1.5964,-3.1673
2017-06-08,2017-12-08,126,-1.4438,-2.8668
2017-06-09,2017-12-11,126,-0.8914,-1.7748
2017-06-12,2017-12-12,126,-0.7062,-1.4074
2017-06-13,2017-12-13,126,-0.923,-1.8374
2017-06-14,2017-12-14,126,-0.7669,-1.5279
2017-06-15,2017-12-15,126,-0.9867,-1.9636
2017-06-16,2017-12-18,126,-1.0469,-2.0829
2017-06-19,2017-12-19,126,-0.9149,-1.8214
2017-06-20,2017-12-20,126,-1.2077,-2.4008
2017-06-21,2017-12-21,126,-1.1897,-2.3653
2017-06-22,2017-12-22,126,-0.9521,-1.8952
2017-06-23,2017-12-25,126,-1.1923,-2.3704
2017-06-26,2017-12-26,126,-1.3824,-2.7457
2017-06-27,2017-12-27,126,-1.3501,-2.6819
2017-06-28,2017-12-28,126,-1.0064,-2.0027
2017-06-29,2017-12-29,126,-0.8753,-1.743
2017-06-30,2018-01-02,126,-0.2683,-0.5359
2017-07-03,2018-01-03,126,-0.1986,-0.3968
2017-07-04,2018-01-04,126,-0.0374,-0.0747
2017-07-05,2018-01-05,126,-0.1375,-0.2748
2017-07-06,2018-01-08,126,-0.1515,-0.3028
2017-07-07,2018-01-09,126,-0.166,-0.3318
2017-07-10,2018-01-10,126,0.1143,0.2288
2017-07-11,2018-01-11,126,0.5029,1.0083
2017-07-12,2018-01-12,126,0.3342,0.6695
2017-07-13,2018-01-15,126,-0.3872,-0.7728
2017-07-14,2018-01-16,126,-0.0773,-0.1546
2017-07-17,2018-01-17,126,0.8669,1.7412
2017-07-18,2018-01-18,126,0.4891,0.9805
2017-07-19,2018-01-19,126,-0.0069,-0.0138
2017-07-20,2018-01-22,126,0.1179,0.236
2017-07-21,2018-01-23,126,0.0441,0.0881
2017-07-24,2018-01-24,126,0.1504,0.3009
2017-07-25,2018-01-25,126,0.2245,0.4496
2017-07-26,2018-01-26,126,0.2237,0.4479
2017-07-27,2018-01-29,126,-0.7812,-1.5563
2017-07-28,2018-01-30,126,-1.0293,-2.0479
2017-07-31,2018-01-31,126,-1.8398,-3.6457
2017-08-01,2018-02-01,126,-2.8996,-5.7152
2017-08-02,2018-02-02,126,-2.7281,-5.3818
2017-08-03,2018-02-05,126,-3.0493,-6.0056
2017-08-04,2018-02-06,126,-4.0094,-7.858
2017-08-07,2018-02-07,126,-4.2404,-8.301
2017-08-08,2018-02-08,126,-4.0716,-7.9775
2017-08-09,2018-02-09,126,-4.7379,-9.2513
2017-08-10,2018-02-12,126,-4.2347,-8.2901
2017-08-11,2018-02-13,126,-3.8351,-7.5231
2017-08-14,2018-02-14,126,-4.073,-7.9802
2017-08-15,2018-02-22,126,-3.8212,-7.4963
2017-08-16,2018-02-23,126,-3.7056,-7.2738
2017-08-17,2018-02-26,126,-3.5806,-7.0329
2017-08-18,2018-02-27,126,-3.5641,-7.0011
2017-08-21,2018-02-28,126,-3.7506,-7.3606
2017-08-22,2018-03-01,126,-3.2611,-6.4158
2017-08-23,2018-03-02,126,-3.1129,-6.129
2017-08-24,2018-03-05,126,-2.7423,-5.4093
2017-08-25,2018-03-06,126,-2.769,-5.4613
2017-08-28,2018-03-07,126,-3.2023,-6.3021
2017-08-29,2018-03-08,126,-3.3508,-6.5893
2017-08-30,2018-03-09,126,-2.8882,-5.6931
2017-08-31,2018-03-12,126,-2.5494,-5.0337
2017-09-01,2018-03-13,126,-3.0348,-5.9774
2017-09-04,2018-03-14,126,-3.6355,-7.1388
2017-09-05,2018-03-15,126,-3.654,-7.1745
2017-09-06,2018-03-16,126,-4.0203,-7.879
2017-09-07,2018-03-19,126,-3.8946,-7.6375
2017-09-08,2018-03-20,126,-3.888,-7.6248
2017-09-11,2018-03-21,126,-4.1872,-8.199
2017-09-12,2018-03-22,126,-3.8318,-7.5167
2017-09-13,2018-03-23,126,-4.9222,-9.602
2017-09-14,2018-03-26,126,-4.5054,-8.8077
2017-09-15,2018-03-27,126,-3.9813,-7.8042
2017-09-18,2018-03-28,126,-4.2199,-8.2618
2017-09-19,2018-03-29,126,-4.2248,-8.2711
2017-09-20,2018-03-30,126,-4.0061,-7.8516
2017-09-21,2018-04-02,126,-3.3871,-6.6594
2017-09-22,2018-04-03,126,-3.375,-6.6361
2017-09-25,2018-04-04,126,-3.2417,-6.3782
2017-09-26,2018-04-09,126,-3.6938,-7.2512
2017-09-27,2018-04-10,126,-3.632,-7.132
2017-09-28,2018-04-11,126,-3.1033,-6.1102
2017-09-29,2018-04-12,126,-3.4557,-6.7921
2017-10-09,2018-04-13,126,-3.7421,-7.3442
2017-10-10,2018-04-16,126,-3.7971,-7.4501
2017-10-11,2018-04-17,126,-4.1453,-8.1187
2017-10-12,2018-04-18,126,-3.8592,-7.5695
2017-10-13,2018-04-19,126,-3.8424,-7.5372
2017-10-16,2018-04-20,126,-4.1477,-8.1233
2017-10-17,2018-04-23,126,-4.3305,-8.4735
2017-10-18,2018-04-24,126,-3.5959,-7.0626
2017-10-19,2018-04-25,126,-3.2706,-6.4342
2017-10-20,2018-04-26,126,-3.9749,-7.7918
2017-10-23,2018-04-27,126,-4.0364,-7.9098
2017-10-24,2018-05-02,126,-4.1704,-8.1668
2017-10-25,2018-05-03,126,-3.6614,-7.1887
2017-10-26,2018-05-04,126,-3.8959,-7.6401
2017-10-27,2018-05-07,126,-3.0856,-6.076
2017-10-30,2018-05-08,126,-2.4413,-4.8229
2017-10-31,2018-05-09,126,-2.6744,-5.2774
2017-11-01,2018-05-10,126,-2.5156,-4.9679
2017-11-02,2018-05-11,126,-2.4357,-4.8121
2017-11-03,2018-05-14,126,-2.3933,-4.7294
2017-11-06,2018-05-15,126,-2.4478,-4.8357
2017-11-07,2018-05-16,126,-3.067,-6.0399
2017-11-08,2018-05-17,126,-3.3683,-6.6231
2017-11-09,2018-05-18,126,-3.4292,-6.7408
2017-11-10,2018-05-21,126,-3.7268,-7.3147
2017-11-13,2018-05-22,126,-3.4972,-6.8721
2017-11-14,2018-05-23,126,-3.5307,-6.9368
2017-11-15,2018-05-24,126,-3.2867,-6.4654
2017-11-16,2018-05-25,126,-3.3516,-6.5908
2017-11-17,2018-05-28,126,-2.8807,-5.6785
2017-11-20,2018-05-29,126,-3.1861,-6.2707
2017-11-21,2018-05-30,126,-3.6554,-7.1772
2017-11-22,2018-05-31,126,-3.3669,-6.6205
2017-11-23,2018-06-01,126,-3.1263,-6.1549
2017-11-24,2018-06-04,126,-3.4197,-6.7224
2017-11-27,2018-06-05,126,-2.8588,-5.6359
2017-11-28,2018-06-06,126,-3.2735,-6.4399
2017-11-29,2018-06-07,126,-3.5259,-6.9275
2017-11-30,2018-06-08,126,-3.4491,-6.7792
2017-12-01,2018-06-11,126,-3.6353,-7.1385
2017-12-04,2018-06-12,126,-3.2249,-6.3457
2017-12-05,2018-06-13,126,-2.9696,-5.8509
2017-12-06,2018-06-14,126,-3.0729,-6.0515
2017-12-07,2018-06-15,126,-3.3286,-6.5465
2017-12-08,2018-06-19,126,-5.0248,-9.7971
2017-12-11,2018-06-20,126,-5.1922,-10.1148
2017-12-12,2018-06-21,126,-5.4498,-10.6027
2017-12-13,2018-06-22,126,-5.1946,-10.1193
2017-12-14,2018-06-25,126,-5.4762,-10.6524
2017-12-15,2018-06-26,126,-5.2259,-10.1787
2017-12-18,2018-06-27,126,-5.2258,-10.1785
2017-12-19,2018-06-28,126,-5.7503,-11.1699
2017-12-20,2018-06-29,126,-4.8242,-9.4157
2017-12-21,2018-07-02,126,-5.0205,-9.7889
2017-12-22,2018-07-03,126,-4.7846,-9.3402
2017-12-25,2018-07-04,126,-4.8857,-9.5326
2017-12-26,2018-07-05,126,-5.4945,-10.6871
2017-12-27,2018-07-06,126,-5.3298,-10.3755
2017-12-28,2018-07-09,126,-5.0701,-9.8831
2017-12-29,2018-07-10,126,-5.2261,-10.179
2018-01-02,2018-07-11,126,-5.9882,-11.6178
2018-01-03,2018-07-12,126,-5.8577,-11.3722
2018-01-04,2018-07-13,126,-5.646,-10.9733
2018-01-05,2018-07-16,126,-5.6757,-11.0293
2018-01-08,2018-07-17,126,-5.7519,-11.173
2018-01-09,2018-07-18,126,-6.0815,-11.7932
2018-01-10,2018-07-19,126,-6.0391,-11.7134
2018-01-11,2018-07-20,126,-5.9726,-11.5885
2018-01-12,2018-07-23,126,-5.6485,-10.978
2018-01-15,2018-07-24,126,-4.8237,-9.4148
2018-01-16,2018-07-25,126,-4.8338,-9.4339
2018-01-17,2018-07-26,126,-4.7534,-9.2809
2018-01-18,2018-07-27,126,-4.8274,-9.4218
2018-01-19,2018-07-30,126,-4.9875,-9.7263
2018-01-22,2018-07-31,126,-5.2321,-10.1905
2018-01-23,2018-08-01,126,-5.6513,-10.9832
2018-01-24,2018-08-02,126,-6.4311,-12.4487
2018-01-25,2018-08-03,126,-6.7921,-13.123
2018-01-26,2018-08-06,126,-7.0093,-13.5273
2018-01-29,2018-08-07,126,-6.2121,-12.0383
2018-01-30,2018-08-08,126,-6.3292,-12.2579
2018-01-31,2018-08-09,126,-5.4677,-10.6365
2018-02-01,2018-08-10,126,-4.4472,-8.6967
2018-02-02,2018-08-13,126,-4.2515,-8.3222
2018-02-05,2018-08-14,126,-4.2479,-8.3153
2018-02-06,2018-08-15,126,-3.8152,-7.4849
2018-02-07,2018-08-16,126,-4.1115,-8.0539
2018-02-08,2018-08-17,126,-4.7594,-9.2923
2018-02-09,2018-08-20,126,-4.0154,-7.8695
2018-02-12,2018-08-21,126,-4.169,-8.1641
2018-02-13,2018-08-22,126,-4.5808,-8.9518
2018-02-14,2018-08-23,126,-4.6703,-9.1225
2018-02-22,2018-08-24,126,-4.8909,-9.5426
2018-02-23,2018-08-27,126,-4.4853,-8.7695
2018-02-26,2018-08-28,126,-4.9484,-9.6519
2018-02-27,2018-08-29,126,-5.1164,-9.971
2018-02-28,2018-08-30,126,-5.3146,-10.3468
2018-03-01,2018-08-31,126,-5.7393,-11.1492
2018-03-02,2018-09-03,126,-5.8793,-11.4129
2018-03-05,2018-09-04,126,-5.9539,-11.5534
2018-03-06,2018-09-05,126,-6.3973,-12.3853
2018-03-07,2018-09-06,126,-6.3732,-12.3403
2018-03-08,2018-09-07,126,-6.3217,-12.2438
2018-03-09,2018-09-10,126,-6.9455,-13.4086
2018-03-12,2018-09-11,126,-7.1522,-13.7928
2018-03-13,2018-09-12,126,-7.0806,-13.6599
2018-03-14,2018-09-13,126,-6.6615,-12.8793
2018-03-15,2018-09-14,126,-6.7439,-13.033
2018-03-16,2018-09-17,126,-6.9918,-13.4948
2018-03-19,2018-09-18,126,-6.569,-12.7065
2018-03-20,2018-09-19,126,-6.458,-12.499
2018-03-21,2018-09-20,126,-6.3608,-12.3169
2018-03-22,2018-09-21,126,-6.2562,-12.121
2018-03-23,2018-09-25,126,-5.6384,-10.9589
2018-03-26,2018-09-26,126,-5.8259,-11.3124
2018-03-27,2018-09-27,126,-6.6254,-12.8118
2018-03-28,2018-09-28,126,-6.4298,-12.4462
2018-03-29,2018-10-08,126,-6.5745,-12.7168
2018-03-30,2018-10-09,126,-6.9876,-13.4869
2018-04-02,2018-10-10,126,-7.1252,-13.7428
2018-04-03,2018-10-11,126,-8.3054,-15.921
2018-04-04,2018-10-12,126,-7.922,-15.2165
2018-04-09,2018-10-15,126,-7.8948,-15.1664
2018-04-10,2018-10-16,126,-8.2864,-15.8862
2018-04-11,2018-10-17,126,-8.4788,-16.2386
2018-04-12,2018-10-18,126,-9.0835,-17.3418
2018-04-13,2018-10-19,126,-8.2715,-15.8588
2018-04-16,2018-10-22,126,-7.2216,-13.9217
2018-04-17,2018-10-23,126,-7.485,-14.4098
2018-04-18,2018-10-24,126,-7.7005,-14.8081
2018-04-19,2018-10-25,126,-7.8016,-14.9946
2018-04-20,2018-10-26,126,-7.2898,-14.0481
2018-04-23,2018-10-29,126,-7.2735,-14.0179
2018-04-24,2018-10-30,126,-7.464,-14.3709
2018-04-25,2018-10-31,126,-7.4787,-14.3981
2018-04-26,2018-11-01,126,-7.0523,-13.6072
2018-04-27,2018-11-02,126,-6.4705,-12.5223
2018-05-02,2018-11-05,126,-6.1688,-11.9571
2018-05-03,2018-11-06,126,-6.6341,-12.8281
2018-05-04,2018-11-07,126,-6.645,-12.8485
2018-05-07,2018-11-08,126,-6.7866,-13.1126
2018-05-08,2018-11-09,126,-6.9548,-13.426
2018-05-09,2018-11-12,126,-6.6001,-12.7646
2018-05-10,2018-11-13,126,-6.4456,-12.4757
2018-05-11,2018-11-14,126,-6.2957,-12.195
2018-05-14,2018-11-15,126,-5.7241,-11.1205
2018-05-15,2018-11-16,126,-5.5528,-10.7973
2018-05-16,2018-11-19,126,-5.0682,-9.8796
2018-05-17,2018-11-20,126,-5.2445,-10.2139
2018-05-18,2018-11-21,126,-5.2639,-10.2507
2018-05-21,2018-11-22,126,-4.2323,-8.2855
2018-05-22,2018-11-23,126,-5.5164,-10.7285
2018-05-23,2018-11-26,126,-6.1251,-11.8751
2018-05-24,2018-11-27,126,-6.1408,-11.9044
2018-05-25,2018-11-28,126,-5.9338,-11.5155
2018-05-28,2018-11-29,126,-5.9248,-11.4985
2018-05-29,2018-11-30,126,-5.7505,-11.1703
2018-05-30,2018-12-03,126,-4.7246,-9.2259
2018-05-31,2018-12-04,126,-4.8357,-9.4375
2018-06-01,2018-12-05,126,-4.6226,-9.0316
2018-06-04,2018-12-06,126,-4.6543,-9.0919
2018-06-05,2018-12-07,126,-4.8746,-9.5116
2018-06-06,2018-12-10,126,-4.8911,-9.5429
2018-06-07,2018-12-11,126,-4.5994,-8.9873
2018-06-08,2018-12-12,126,-4.5256,-8.8464
2018-06-11,2018-12-13,126,-4.2698,-8.3572
2018-06-12,2018-12-14,126,-4.9215,-9.6008
2018-06-13,2018-12-17,126,-4.6389,-9.0625
2018-06-14,2018-12-18,126,-4.6265,-9.0389
2018-06-15,2018-12-19,126,-4.4395,-8.682
2018-06-19,2018-12-20,126,-2.7806,-5.4838
2018-06-20,2018-12-21,126,-2.8091,-5.5393
2018-06-21,2018-12-24,126,-2.0032,-3.9663
2018-06-22,2018-12-25,126,-2.4739,-4.8866
2018-06-25,2018-12-26,126,-2.48,-4.8985
2018-06-26,2018-12-27,126,-3.0842,-6.0733
2018-06-27,2018-12-28,126,-2.7713,-5.4658
2018-06-28,2019-01-02,126,-2.5198,-4.976
2018-06-29,2019-01-03,126,-3.1802,-6.2593
2018-07-02,2019-01-04,126,-2.3433,-4.6317
2018-07-03,2019-01-07,126,-2.1751,-4.3029
2018-07-04,2019-01-08,126,-2.0551,-4.068
2018-07-05,2019-01-09,126,-1.5447,-3.0656
2018-07-06,2019-01-10,126,-1.6877,-3.3469
2018-07-09,2019-01-11,126,-2.0414,-4.0411
2018-07-10,2019-01-14,126,-2.2123,-4.3757
2018-07-11,2019-01-15,126,-1.6063,-3.1868
2018-07-12,2019-01-16,126,-2.0618,-4.0812
2018-07-13,2019-01-17,126,-2.3042,-4.5554
2018-07-16,2019-01-18,126,-2.191,-4.334
2018-07-17,2019-01-21,126,-2.1673,-4.2876
2018-07-18,2019-01-22,126,-2.0901,-4.1364
2018-07-19,2019-01-23,126,-1.9197,-3.8026
2018-07-20,2019-01-24,126,-2.0547,-4.0673
2018-07-23,2019-01-25,126,-2.513,-4.9628
2018-07-24,2019-01-28,126,-2.789,-5.5002
2018-07-25,2019-01-29,126,-3.1945,-6.287
2018-07-26,2019-01-30,126,-3.4477,-6.7766
2018-07-27,2019-01-31,126,-3.623,-7.1146
2018-07-30,2019-02-01,126,-2.5279,-4.9918
2018-07-31,2019-02-11,126,-1.839,-3.6442
2018-08-01,2019-02-12,126,-1.1396,-2.2662
2018-08-02,2019-02-13,126,-0.1518,-0.3035
2018-08-03,2019-02-14,126,0.2419,0.4844
2018-08-06,2019-02-15,126,0.8278,1.6624
2018-08-07,2019-02-18,126,1.3491,2.7164
2018-08-08,2019-02-19,126,1.9241,3.8853
2018-08-09,2019-02-20,126,1.6283,3.2832
2018-08-10,2019-02-21,126,1.2433,2.5021
2018-08-13,2019-02-22,126,1.5281,3.0795
2018-08-14,2019-02-25,126,3.3116,6.7328
2018-08-15,2019-02-26,126,3.7574,7.6561
2018-08-16,2019-02-27,126,4.2908,8.7656
2018-08-17,2019-02-28,126,4.7276,9.6788
2018-08-20,2019-03-01,126,4.5571,9.3219
2018-08-21,2019-03-04,126,4.4928,9.1876
2018-08-22,2019-03-05,126,5.6534,11.6264
2018-08-23,2019-03-06,126,6.3458,13.0943
2018-08-24,2019-03-07,126,6.8552,14.1803
2018-08-27,2019-03-08,126,5.0816,10.4214
2018-08-28,2019-03-11,126,6.4379,13.2902
2018-08-29,2019-03-12,126,7.3882,15.3223
2018-08-30,2019-03-13,126,7.0789,14.6589
2018-08-31,2019-03-14,126,6.2452,12.8804
2018-09-03,2019-03-15,126,6.8759,14.2246
2018-09-04,2019-03-18,126,7.5302,15.6275
2018-09-05,2019-03-19,126,8.1109,16.8797
2018-09-06,2019-03-20,126,7.9918,16.6224
2018-09-07,2019-03-21,126,8.38,17.4623
2018-09-10,2019-03-22,126,9.0077,18.8267
2018-09-11,2019-03-25,126,8.7587,18.2845
2018-09-12,2019-03-26,126,7.8429,16.3008
2018-09-13,2019-03-27,126,7.7264,16.0498
2018-09-14,2019-03-28,126,7.3943,15.3354
2018-09-17,2019-03-29,126,8.3799,17.462
2018-09-18,2019-04-01,126,9.2169,19.2834
2018-09-19,2019-04-02,126,9.1405,19.1164
2018-09-20,2019-04-03,126,9.6188,20.1628
2018-09-21,2019-04-04,126,9.3668,19.6109
2018-09-25,2019-04-08,126,9.4988,19.8998
2018-09-26,2019-04-09,126,9.4583,19.8112
2018-09-27,2019-04-10,126,9.9757,20.9465
2018-09-28,2019-04-11,126,9.3523,19.5792
2018-10-08,2019-04-12,126,9.5024,19.9077
2018-10-09,2019-04-15,126,9.1639,19.1676
2018-10-10,2019-04-16,126,9.9045,20.79
2018-10-11,2019-04-17,126,11.9092,25.2366
2018-10-12,2019-04-18,126,11.3772,24.0487
2018-10-15,2019-04-19,126,11.9573,25.3444
2018-10-16,2019-04-22,126,12.3024,26.1182
2018-10-17,2019-04-23,126,11.399,24.0973
2018-10-18,2019-04-24,126,12.7567,27.1407
2018-10-19,2019-04-25,126,10.6513,22.437
2018-10-22,2019-04-26,126,9.0601,18.9411
2018-10-23,2019-04-29,126,8.1527,16.97
2018-10-24,2019-04-30,126,8.5091,17.7423
2018-10-25,2019-05-06,126,6.459,13.3351
2018-10-26,2019-05-07,126,6.725,13.9022
2018-10-29,2019-05-08,126,7.1672,14.848
2018-10-30,2019-05-09,126,6.6655,13.7752
2018-10-31,2019-05-10,126,7.7232,16.0429
2018-11-01,2019-05-13,126,7.4537,15.4629
2018-11-02,2019-05-14,126,6.7579,13.9724
2018-11-05,2019-05-15,126,7.0963,14.6963
2018-11-06,2019-05-16,126,7.3723,15.2881
2018-11-07,2019-05-17,126,6.2437,12.8772
2018-11-08,2019-05-20,126,5.7072,11.7401
2018-11-09,2019-05-21,126,6.4163,13.2442
2018-11-12,2019-05-22,126,5.743,11.8158
2018-11-13,2019-05-23,126,4.6887,9.5973
2018-11-14,2019-05-24,126,4.4487,9.0952
2018-11-15,2019-05-27,126,4.7804,9.7894
2018-11-16,2019-05-28,126,4.4574,9.1136
2018-11-19,2019-05-29,126,4.4556,9.1098
2018-11-20,2019-05-30,126,4.6793,9.5775
2018-11-21,2019-05-31,126,4.7747,9.7774
2018-11-22,2019-06-03,126,4.5246,9.2539
2018-11-23,2019-06-04,126,5.321,10.9251
2018-11-26,2019-06-05,126,5.5333,11.3728
2018-11-27,2019-06-06,126,4.6639,9.5453
2018-11-28,2019-06-10,126,4.8145,9.8608
2018-11-29,2019-06-11,126,6.1789,12.7396
2018-11-30,2019-06-12,126,6.1417,12.6606
2018-12-03,2019-06-13,126,5.6624,11.6454
2018-12-04,2019-06-14,126,5.1457,10.5561
2018-12-05,2019-06-17,126,4.8561,9.9481
2018-12-06,2019-06-18,126,5.3713,11.0311
2018-12-07,2019-06-19,126,5.589,11.4905
2018-12-10,2019-06-20,126,6.6636,13.7713
2018-12-11,2019-06-21,126,7.1742,14.8632
2018-12-12,2019-06-24,126,7.5008,15.5642
2018-12-13,2019-06-25,126,7.519,15.6034
2018-12-14,2019-06-26,126,7.7555,16.1125
2018-12-17,2019-06-27,126,8.0451,16.7373
2018-12-18,2019-06-28,126,7.72,16.036
2018-12-19,2019-07-01,126,8.2397,17.1583
2018-12-20,2019-07-02,126,8.4665,17.6498
2018-12-21,2019-07-03,126,8.8581,18.5009
2018-12-24,2019-07-04,126,8.1274,16.9153
2018-12-25,2019-07-05,126,8.3633,17.426
2018-12-26,2019-07-08,126,7.278,15.0858
2018-12-27,2019-07-09,126,7.6479,15.8808
2018-12-28,2019-07-10,126,7.1863,14.889
2019-01-02,2019-07-11,126,7.7243,16.0453
2019-01-03,2019-07-12,126,7.5016,15.566
2019-01-04,2019-07-15,126,7.2821,15.0946
2019-01-07,2019-07-16,126,6.9101,14.2976
2019-01-08,2019-07-17,126,6.9545,14.3927
2019-01-09,2019-07-18,126,6.7668,13.9914
2019-01-10,2019-07-19,126,7.279,15.0879
2019-01-11,2019-07-22,126,6.2047,12.7944
2019-01-14,2019-07-23,126,6.5019,13.4266
2019-01-15,2019-07-24,126,6.7018,13.8528
2019-01-16,2019-07-25,126,6.859,14.1884
2019-01-17,2019-07-26,126,6.9894,14.4673
2019-01-18,2019-07-29,126,6.8613,14.1934
2019-01-21,2019-07-30,126,7.0923,14.6875
2019-01-22,2019-07-31,126,7.313,15.1607
2019-01-23,2019-08-01,126,6.5945,13.6238
2019-01-24,2019-08-02,126,6.6982,13.845
2019-01-25,2019-08-05,126,7.4489,15.4527
2019-01-28,2019-08-06,126,6.8033,14.0695
2019-01-29,2019-08-07,126,7.6456,15.8757
2019-01-30,2019-08-08,126,8.3944,17.4936
2019-01-31,2019-08-09,126,8.6212,17.9856
2019-02-01,2019-08-12,126,8.0046,16.6499
2019-02-11,2019-08-13,126,7.8476,16.3111
2019-02-12,2019-08-14,126,6.8403,14.1486
2019-02-13,2019-08-15,126,6.944,14.3703
2019-02-14,2019-08-16,126,7.0791,14.6593
2019-02-15,2019-08-19,126,7.6255,15.8325
2019-02-18,2019-08-20,126,6.4778,13.3752
2019-02-19,2019-08-21,126,6.3851,13.178
2019-02-20,2019-08-22,126,6.3699,13.1456
2019-02-21,2019-08-23,126,6.5873,13.6084
2019-02-22,2019-08-26,126,7.0948,14.6929
2019-02-25,2019-08-27,126,6.3559,13.1157
2019-02-26,2019-08-28,126,6.3541,13.1119
2019-02-27,2019-08-29,126,6.819,14.1029
2019-02-28,2019-08-30,126,6.0255,12.414
2019-03-01,2019-09-02,126,6.5285,13.4832
2019-03-04,2019-09-03,126,6.7693,13.9968
2019-03-05,2019-09-04,126,6.4435,13.3022
2019-03-06,2019-09-05,126,6.1499,12.6781
2019-03-07,2019-09-06,126,4.9687,10.1842
2019-03-08,2019-09-09,126,6.4028,13.2155
2019-03-11,2019-09-10,126,4.792,9.8136
2019-03-12,2019-09-11,126,4.2305,8.6399
2019-03-13,2019-09-12,126,4.7576,9.7415
2019-03-14,2019-09-16,126,5.72,11.7672
2019-03-15,2019-09-17,126,4.6656,9.5489
2019-03-18,2019-09-18,126,4.1835,8.542
2019-03-19,2019-09-19,126,4.2319,8.6429
2019-03-20,2019-09-20,126,4.4232,9.042
2019-03-21,2019-09-23,126,4.0581,8.2808
2019-03-22,2019-09-24,126,4.3464,8.8817
2019-03-25,2019-09-25,126,4.0761,8.3184
2019-03-26,2019-09-26,126,3.5896,7.308
2019-03-27,2019-09-27,126,3.3722,6.858
2019-03-28,2019-09-30,126,3.3966,6.9085
2019-03-29,2019-10-08,126,3.3192,6.7485
2019-04-01,2019-10-09,126,3.1294,6.3567
2019-04-02,2019-10-10,126,3.1658,6.4318
2019-04-03,2019-10-11,126,2.7193,5.5126
2019-04-04,2019-10-14,126,2.5189,5.1012
2019-04-08,2019-10-15,126,2.2584,4.5678
2019-04-09,2019-10-16,126,1.9618,3.9622
2019-04-10,2019-10-17,126,2.0444,4.1306
2019-04-11,2019-10-18,126,2.1254,4.2959
2019-04-12,2019-10-21,126,2.2881,4.6285
2019-04-15,2019-10-22,126,2.7824,5.6423
2019-04-16,2019-10-23,126,2.3159,4.6855
2019-04-17,2019-10-24,126,2.2116,4.472
2019-04-18,2019-10-25,126,2.962,6.0118
2019-04-19,2019-10-28,126,3.1367,6.3719
2019-04-22,2019-10-29,126,2.7016,5.4761
2019-04-23,2019-10-30,126,2.9984,6.0868
2019-04-24,2019-10-31,126,2.5555,5.1763
2019-04-25,2019-11-01,126,3.7789,7.7005
2019-04-26,2019-11-04,126,4.0276,8.2174
2019-04-29,2019-11-05,126,4.7679,9.7631
2019-04-30,2019-11-06,126,3.8523,7.853
2019-05-06,2019-11-07,126,5.624,11.5643
2019-05-07,2019-11-08,126,4.7329,9.6899
2019-05-08,2019-11-11,126,3.9746,8.1072
2019-05-09,2019-11-12,126,4.0105,8.1818
2019-05-10,2019-11-13,126,3.6684,7.4714
2019-05-13,2019-11-14,126,3.8915,7.9344
2019-05-14,2019-11-15,126,3.3352,6.7816
2019-05-15,2019-11-18,126,3.1339,6.366
2019-05-16,2019-11-19,126,3.4678,7.0558
2019-05-17,2019-11-20,126,4.3603,8.9108
2019-05-20,2019-11-21,126,4.6025,9.4168
2019-05-21,2019-11-22,126,3.7507,7.6421
2019-05-22,2019-11-25,126,3.5221,7.1682
2019-05-23,2019-11-26,126,4.0205,8.2027
2019-05-24,2019-11-27,126,4.2045,8.5857
2019-05-27,2019-11-28,126,3.3237,6.7579
2019-05-28,2019-11-29,126,3.4052,6.9263
2019-05-29,2019-12-02,126,3.3576,6.8278
2019-05-30,2019-12-03,126,3.8593,7.8676
2019-05-31,2019-12-04,126,4.1346,8.44
2019-06-03,2019-12-05,126,4.3275,8.8423
2019-06-04,2019-12-06,126,4.4658,9.1309
2019-06-05,2019-12-09,126,4.1668,8.5072
2019-06-06,2019-12-10,126,5.003,10.2563
2019-06-10,2019-12-11,126,4.6395,9.4942
2019-06-11,2019-12-12,126,3.9864,8.1318
2019-06-12,2019-12-13,126,3.802,7.7485
2019-06-13,2019-12-16,126,4.3818,8.9556
2019-06-14,2019-12-17,126,4.8917,10.0227
2019-06-17,2019-12-18,126,5.3196,10.9221
2019-06-18,2019-12-19,126,5.2059,10.6827
2019-06-19,2019-12-20,126,4.7628,9.7524
2019-06-20,2019-12-23,126,3.2322,6.5688
2019-06-21,2019-12-24,126,3.1746,6.4499
2019-06-24,2019-12-25,126,3.3096,6.7286
2019-06-25,2019-12-26,126,3.2598,6.6259
2019-06-26,2019-12-27,126,3.6018,7.3333
2019-06-27,2019-12-30,126,3.6077,7.3456
2019-06-28,2020-01-02,126,4.6163,9.4458
2019-07-01,2020-01-03,126,4.9733,10.1939
2019-07-02,2020-01-06,126,5.4764,11.2528
2019-07-03,2020-01-07,126,5.0914,10.442
2019-07-04,2020-01-08,126,5.5705,11.4512
2019-07-05,2020-01-09,126,4.9223,10.087
2019-07-08,2020-01-10,126,6.011,12.3833
2019-07-09,2020-01-13,126,6.5408,13.5095
2019-07-10,2020-01-14,126,6.3888,13.1858
2019-07-11,2020-01-15,126,6.1312,12.6384
2019-07-12,2020-01-16,126,6.2482,12.8869
2019-07-15,2020-01-17,126,5.749,11.8285
2019-07-16,2020-01-20,126,6.0499,12.4658
2019-07-17,2020-01-21,126,6.2108,12.8073
2019-07-18,2020-01-22,126,6.2727,12.9388
2019-07-19,2020-01-23,126,4.9434,10.1312
2019-07-22,2020-02-03,126,4.2889,8.7618
2019-07-23,2020-02-04,126,3.9646,8.0863
2019-07-24,2020-02-05,126,4.0301,8.2225
2019-07-25,2020-02-06,126,4.5258,9.2563
2019-07-26,2020-02-07,126,5.0555,10.3665
2019-07-29,2020-02-10,126,5.4542,11.2059
2019-07-30,2020-02-11,126,4.991,10.231
2019-07-31,2020-02-12,126,5.6379,11.5937
2019-08-01,2020-02-13,126,6.2427,12.8751
2019-08-02,2020-02-14,126,6.1462,12.6702
2019-08-05,2020-02-17,126,6.7228,13.8976
2019-08-06,2020-02-18,126,8.1419,16.9468
2019-08-07,2020-02-19,126,7.8191,16.2495
2019-08-08,2020-02-20,126,8.0037,16.6481
2019-08-09,2020-02-21,126,9.2277,19.3069
2019-08-12,2020-02-24,126,10.057,21.1254
2019-08-13,2020-02-25,126,9.1221,19.0762
2019-08-14,2020-02-26,126,8.9672,18.7385
2019-08-15,2020-02-27,126,8.5342,17.7967
2019-08-16,2020-02-28,126,6.3742,13.1547
2019-08-19,2020-03-02,126,6.0326,12.4292
2019-08-20,2020-03-03,126,6.3924,13.1934
2019-08-21,2020-03-04,126,7.0868,14.6759
2019-08-22,2020-03-05,126,7.2923,15.1164
2019-08-23,2020-03-06,126,7.8292,16.2714
2019-08-26,2020-03-09,126,5.7991,11.9345
2019-08-27,2020-03-10,126,5.5907,11.4939
2019-08-28,2020-03-11,126,5.4502,11.1975
2019-08-29,2020-03-12,126,4.314,8.8141
2019-08-30,2020-03-13,126,4.1216,8.413
2019-09-02,2020-03-16,126,1.5261,3.0755
2019-09-03,2020-03-17,126,-0.0283,-0.0565
2019-09-04,2020-03-18,126,-0.1095,-0.2189
2019-09-05,2020-03-19,126,-0.3867,-0.7719
2019-09-06,2020-03-20,126,0.7751,1.5561
2019-09-09,2020-03-23,126,-1.0749,-2.1382
2019-09-10,2020-03-24,126,1.0825,2.1767
2019-09-11,2020-03-25,126,2.2235,4.4965
2019-09-12,2020-03-26,126,1.7831,3.598
2019-09-16,2020-03-27,126,1.7392,3.5086
2019-09-17,2020-03-30,126,1.6386,3.3041
2019-09-18,2020-03-31,126,1.6216,3.2695
2019-09-19,2020-04-01,126,0.7974,1.6012
2019-09-20,2020-04-02,126,1.4687,2.9589
2019-09-23,2020-04-03,126,1.5271,3.0775
2019-09-24,2020-04-07,126,2.8516,5.7846
2019-09-25,2020-04-08,126,3.0785,6.2517
2019-09-26,2020-04-09,126,4.7053,9.6321
2019-09-27,2020-04-10,126,4.1786,8.5318
2019-09-30,2020-04-13,126,4.2847,8.7531
2019-10-08,2020-04-14,126,5.1289,10.5208
2019-10-09,2020-04-15,126,4.2588,8.6989
2019-10-10,2020-04-16,126,4.387,8.9664
2019-10-11,2020-04-17,126,4.0234,8.2086
2019-10-14,2020-04-20,126,4.3102,8.8062
2019-10-15,2020-04-21,126,4.7622,9.7512
2019-10-16,2020-04-22,126,5.1384,10.5409
2019-10-17,2020-04-23,126,5.2915,10.8631
2019-10-18,2020-04-24,126,5.3961,11.0835
2019-10-21,2020-04-27,126,5.2622,10.8012
2019-10-22,2020-04-28,126,4.4192,9.0336
2019-10-23,2020-04-29,126,4.5844,9.379
2019-10-24,2020-04-30,126,5.3743,11.0375
2019-10-25,2020-05-06,126,5.4651,11.2288
2019-10-28,2020-05-07,126,4.6612,9.5397
2019-10-29,2020-05-08,126,5.9211,12.1928
2019-10-30,2020-05-11,126,6.0547,12.4759
2019-10-31,2020-05-12,126,6.3424,13.087
2019-11-01,2020-05-13,126,6.1352,12.6467
2019-11-04,2020-05-14,126,5.9378,12.2281
2019-11-05,2020-05-15,126,6.5742,13.5806
2019-11-06,2020-05-18,126,7.8777,16.376
2019-11-07,2020-05-19,126,7.404,15.3561
2019-11-08,2020-05-20,126,8.0004,16.6408
2019-11-11,2020-05-21,126,8.187,17.0444
2019-11-12,2020-05-22,126,7.8406,16.296
2019-11-13,2020-05-25,126,7.1661,14.8458
2019-11-14,2020-05-26,126,7.6504,15.886
2019-11-15,2020-05-27,126,7.6003,15.7783
2019-11-18,2020-05-28,126,7.5574,15.6859
2019-11-19,2020-05-29,126,7.1445,14.7994
2019-11-20,2020-06-01,126,8.2827,17.2515
2019-11-21,2020-06-02,126,8.323,17.3388
2019-11-22,2020-06-03,126,8.452,17.6183
2019-11-25,2020-06-04,126,8.632,18.0092
2019-11-26,2020-06-05,126,8.7404,18.2447
2019-11-27,2020-06-08,126,8.3497,17.3965
2019-11-28,2020-06-09,126,8.7025,18.1624
2019-11-29,2020-06-10,126,8.9901,18.7884
2019-12-02,2020-06-11,126,9.0304,18.8762
2019-12-03,2020-06-12,126,8.7997,18.3737
2019-12-04,2020-06-15,126,8.1659,16.9987
2019-12-05,2020-06-16,126,8.5088,17.7417
2019-12-06,2020-06-17,126,8.6541,18.0572
2019-12-09,2020-06-18,126,8.5879,17.9133
2019-12-10,2020-06-19,126,8.6177,17.978
2019-12-11,2020-06-22,126,9.2342,19.3212
2019-12-12,2020-06-23,126,9.0847,18.9947
2019-12-13,2020-06-24,126,9.2353,19.3236
2019-12-16,2020-06-29,126,8.3506,17.3985
2019-12-17,2020-06-30,126,8.5466,17.8237
2019-12-18,2020-07-01,126,8.7733,18.3163
2019-12-19,2020-07-02,126,8.7369,18.2371
2019-12-20,2020-07-03,126,9.3778,19.635
2019-12-23,2020-07-06,126,10.979,23.1634
2019-12-24,2020-07-07,126,10.8106,22.79
2019-12-25,2020-07-08,126,11.3149,23.9102
2019-12-26,2020-07-09,126,12.1942,25.8753
2019-12-27,2020-07-10,126,11.9676,25.3674
2019-12-30,2020-07-13,126,13.0465,27.795
2020-01-02,2020-07-14,126,11.9312,25.2859
2020-01-03,2020-07-15,126,10.4479,21.9875
2020-01-06,2020-07-16,126,7.9915,16.6217
2020-01-07,2020-07-17,126,7.7167,16.0288
2020-01-08,2020-07-20,126,8.81,18.3962
2020-01-09,2020-07-21,126,9.7803,20.5172
2020-01-10,2020-07-22,126,10.7168,22.5821
2020-01-13,2020-07-23,126,10.4619,22.0184
2020-01-14,2020-07-24,126,9.7992,20.5586
2020-01-15,2020-07-27,126,10.2558,21.5634
2020-01-16,2020-07-28,126,10.5677,22.2521
2020-01-17,2020-07-29,126,11.6609,24.6815
2020-01-20,2020-07-30,126,11.0424,23.3041
2020-01-21,2020-07-31,126,11.6811,24.7268
2020-01-22,2020-08-03,126,12.7315,27.084
2020-01-23,2020-08-04,126,13.558,28.9542
2020-02-03,2020-08-05,126,17.2332,37.4361
2020-02-04,2020-08-06,126,17.6927,38.5156
2020-02-05,2020-08-07,126,16.678,36.1376
2020-02-06,2020-08-10,126,15.6507,33.7509
2020-02-07,2020-08-11,126,13.7578,29.4083
2020-02-10,2020-08-12,126,11.2783,23.8285
2020-02-11,2020-08-13,126,11.6373,24.6289
2020-02-12,2020-08-14,126,11.5227,24.3732
2020-02-13,2020-08-17,126,12.5409,26.6545
2020-02-14,2020-08-18,126,13.3789,28.5477
2020-02-17,2020-08-19,126,11.1641,23.5745
2020-02-18,2020-08-20,126,9.1448,19.1258
2020-02-19,2020-08-21,126,9.321,19.5107
2020-02-20,2020-08-24,126,8.6474,18.0426
2020-02-21,2020-08-25,126,7.512,15.5884
2020-02-24,2020-08-26,126,5.5732,11.457
2020-02-25,2020-08-27,126,6.6682,13.7811
2020-02-26,2020-08-28,126,7.6607,15.9083
2020-02-27,2020-08-31,126,7.8396,16.2939
2020-02-28,2020-09-01,126,10.3907,21.8611
2020-03-02,2020-09-02,126,9.616,20.1566
2020-03-03,2020-09-03,126,8.4591,17.6338
2020-03-04,2020-09-04,126,7.7218,16.0399
2020-03-05,2020-09-07,126,6.8013,14.0652
2020-03-06,2020-09-08,126,6.5214,13.4681
2020-03-09,2020-09-09,126,6.9348,14.3506
2020-03-10,2020-09-10,126,5.7974,11.931
2020-03-11,2020-09-11,126,6.3304,13.0615
2020-03-12,2020-09-14,126,7.6495,15.8841
2020-03-13,2020-09-15,126,9.0126,18.8374
2020-03-16,2020-09-16,126,10.879,22.9415
2020-03-17,2020-09-17,126,12.2694,26.0441
2020-03-18,2020-09-18,126,12.549,26.6727
2020-03-19,2020-09-21,126,12.4319,26.4094
2020-03-20,2020-09-22,126,10.667,22.4719
2020-03-23,2020-09-23,126,11.8158,25.0276
2020-03-24,2020-09-24,126,8.5344,17.7971
2020-03-25,2020-09-25,126,7.5174,15.5999
2020-03-26,2020-09-28,126,7.4277,15.4071
2020-03-27,2020-09-29,126,8.0404,16.7272
2020-03-30,2020-09-30,126,9.0148,18.8423
2020-03-31,2020-10-09,126,9.8282,20.6222
2020-04-01,2020-10-12,126,11.7677,24.9201
2020-04-02,2020-10-13,126,10.7844,22.7318
2020-04-03,2020-10-14,126,10.1441,21.3172
2020-04-07,2020-10-15,126,8.0243,16.6926
2020-04-08,2020-10-16,126,8.1729,17.0138
2020-04-09,2020-10-19,126,7.4963,15.5546
2020-04-10,2020-10-20,126,8.3273,17.348
2020-04-13,2020-10-21,126,8.272,17.2282
2020-04-14,2020-10-22,126,7.1765,14.8681
2020-04-15,2020-10-23,126,6.7851,14.0307
2020-04-16,2020-10-26,126,6.2459,12.8819
2020-04-17,2020-10-27,126,7.1116,14.7288
2020-04-20,2020-10-28,126,6.7588,13.9743
2020-04-21,2020-10-29,126,6.2273,12.8424
2020-04-22,2020-10-30,126,5.1689,10.605
2020-04-23,2020-11-02,126,5.1311,10.5256
2020-04-24,2020-11-03,126,6.2054,12.7958
2020-04-27,2020-11-04,126,6.5873,13.6086
2020-04-28,2020-11-05,126,7.7934,16.1942
2020-04-29,2020-11-06,126,7.7222,16.0408
2020-04-30,2020-11-09,126,7.5814,15.7375
2020-05-06,2020-11-10,126,5.9215,12.1936
2020-05-07,2020-11-11,126,5.5267,11.3588
2020-05-08,2020-11-12,126,4.8551,9.9458
2020-05-11,2020-11-13,126,5.1861,10.6411
2020-05-12,2020-11-16,126,5.4045,11.101
2020-05-13,2020-11-17,126,4.7975,9.8251
2020-05-14,2020-11-18,126,4.7176,9.6578
2020-05-15,2020-11-19,126,4.2634,8.7086
2020-05-18,2020-11-20,126,3.9347,8.0241
2020-05-19,2020-11-23,126,4.1897,8.555
2020-05-20,2020-11-24,126,3.6789,7.4931
2020-05-21,2020-11-25,126,3.5139,7.1512
2020-05-22,2020-11-26,126,3.9503,8.0565
2020-05-25,2020-11-27,126,4.1159,8.4011
2020-05-26,2020-11-30,126,2.614,5.2963
2020-05-27,2020-12-01,126,3.6189,7.3688
2020-05-28,2020-12-02,126,3.9472,8.0502
2020-05-29,2020-12-03,126,3.7984,7.741
2020-06-01,2020-12-04,126,2.9187,5.9225
2020-06-02,2020-12-07,126,2.8147,5.7087
2020-06-03,2020-12-08,126,3.4685,7.0573
2020-06-04,2020-12-09,126,2.9328,5.9516
2020-06-05,2020-12-10,126,2.6372,5.3439
2020-06-08,2020-12-11,126,2.4721,5.0052
2020-06-09,2020-12-14,126,2.6152,5.2989
2020-06-10,2020-12-15,126,2.5868,5.2406
2020-06-11,2020-12-16,126,2.4325,4.9242
2020-06-12,2020-12-17,126,2.7799,5.6371
2020-06-15,2020-12-18,126,2.9529,5.993
2020-06-16,2020-12-21,126,3.2029,6.5084
2020-06-17,2020-12-22,126,2.1273,4.2998
2020-06-18,2020-12-23,126,2.4193,4.8971
2020-06-19,2020-12-24,126,1.8849,3.8052
2020-06-22,2020-12-25,126,1.8096,3.6519
2020-06-23,2020-12-28,126,1.679,3.3862
2020-06-24,2020-12-29,126,1.244,2.5034
2020-06-29,2020-12-30,126,1.4965,3.0155
2020-06-30,2021-01-04,126,2.4824,5.0263
2020-07-01,2021-01-05,126,2.4266,4.9121
2020-07-02,2021-01-06,126,2.0806,4.2044
2020-07-03,2021-01-07,126,1.07,2.1514
2020-07-06,2021-01-08,126,-0.1189,-0.2376
2020-07-07,2021-01-11,126,-1.5814,-3.1378
2020-07-08,2021-01-12,126,-1.7663,-3.5015
2020-07-09,2021-01-13,126,-2.7723,-5.4677
2020-07-10,2021-01-14,126,-2.6526,-5.2348
2020-07-13,2021-01-15,126,-3.3054,-6.5015
2020-07-14,2021-01-18,126,-2.7342,-5.3937
2020-07-15,2021-01-19,126,-2.1696,-4.292
2020-07-16,2021-01-20,126,-0.5185,-1.0343
2020-07-17,2021-01-21,126,0.0876,0.1752
2020-07-20,2021-01-22,126,-1.0537,-2.0962
2020-07-21,2021-01-25,126,-1.7534,-3.476
2020-07-22,2021-01-26,126,-2.8995,-5.7149
2020-07-23,2021-01-27,126,-3.1297,-6.1614
2020-07-24,2021-01-28,126,-2.8193,-5.5591
2020-07-27,2021-01-29,126,-3.5733,-7.0189
2020-07-28,2021-02-01,126,-3.4068,-6.6975
2020-07-29,2021-02-02,126,-4.075,-7.984
2020-07-30,2021-02-03,126,-4.5562,-8.9049
2020-07-31,2021-02-04,126,-5.7024,-11.0797
2020-08-03,2021-02-05,126,-6.9765,-13.4663
2020-08-04,2021-02-08,126,-6.5427,-12.6574
2020-08-05,2021-02-09,126,-6.6111,-12.7851
2020-08-06,2021-02-10,126,-6.6275,-12.8158
2020-08-07,2021-02-18,126,-6.7557,-13.0549
2020-08-10,2021-02-19,126,-6.3348,-12.2683
2020-08-11,2021-02-22,126,-5.1727,-10.0779
2020-08-12,2021-02-23,126,-3.6818,-7.2279
2020-08-13,2021-02-24,126,-3.9749,-7.7918
2020-08-14,2021-02-25,126,-4.74,-9.2553
2020-08-17,2021-02-26,126,-6.0618,-11.7561
2020-08-18,2021-03-01,126,-6.2605,-12.1292
2020-08-19,2021-03-02,126,-6.0185,-11.6748
2020-08-20,2021-03-03,126,-4.7344,-9.2447
2020-08-21,2021-03-04,126,-5.5344,-10.7625
2020-08-24,2021-03-05,126,-5.6651,-11.0092
2020-08-25,2021-03-08,126,-5.8114,-11.285
2020-08-26,2021-03-09,126,-6.0149,-11.6679
2020-08-27,2021-03-10,126,-6.4368,-12.4592
2020-08-28,2021-03-11,126,-6.0314,-11.699
2020-08-31,2021-03-12,126,-6.5063,-12.5893
2020-09-01,2021-03-15,126,-6.7902,-13.1194
2020-09-02,2021-03-16,126,-6.3766,-12.3466
2020-09-03,2021-03-17,126,-5.4988,-10.6951
2020-09-04,2021-03-18,126,-5.2842,-10.2892
2020-09-07,2021-03-19,126,-5.1517,-10.038
2020-09-08,2021-03-22,126,-5.0401,-9.8262
2020-09-09,2021-03-23,126,-4.4937,-8.7855
2020-09-10,2021-03-24,126,-4.1921,-8.2084
2020-09-11,2021-03-25,126,-4.4703,-8.7408
2020-09-14,2021-03-26,126,-4.4866,-8.7719
2020-09-15,2021-03-29,126,-4.5648,-8.9213
2020-09-16,2021-03-30,126,-4.6595,-9.1019
2020-09-17,2021-03-31,126,-4.8219,-9.4114
2020-09-18,2021-04-01,126,-4.6283,-9.0424
2020-09-21,2021-04-02,126,-4.2345,-8.2896
2020-09-22,2021-04-06,126,-3.2879,-6.4676
2020-09-23,2021-04-07,126,-2.9575,-5.8276
2020-09-24,2021-04-08,126,-2.0565,-4.0708
2020-09-25,2021-04-09,126,-2.0699,-4.097
2020-09-28,2021-04-12,126,-2.4005,-4.7434
2020-09-29,2021-04-13,126,-3.3129,-6.5161
2020-09-30,2021-04-14,126,-2.7441,-5.4128
2020-10-09,2021-04-15,126,-3.5067,-6.8904
2020-10-12,2021-04-16,126,-4.0081,-7.8555
2020-10-13,2021-04-19,126,-3.4359,-6.7538
2020-10-14,2021-04-20,126,-3.2467,-6.388
2020-10-15,2021-04-21,126,-2.7761,-5.4752
2020-10-16,2021-04-22,126,-2.6598,-5.2489
2020-10-19,2021-04-23,126,-2.6812,-5.2906
2020-10-20,2021-04-26,126,-3.0342,-5.9764
2020-10-21,2021-04-27,126,-2.8166,-5.5539
2020-10-22,2021-04-28,126,-2.6722,-5.273
2020-10-23,2021-04-29,126,-2.1743,-4.3013
2020-10-26,2021-04-30,126,-2.2901,-4.5278
2020-10-27,2021-05-06,126,-2.2238,-4.3982
2020-10-28,2021-05-07,126,-2.2759,-4.5
2020-10-29,2021-05-10,126,-1.7569,-3.483
2020-10-30,2021-05-11,126,-0.9929,-1.9759
2020-11-02,2021-05-12,126,-0.8677,-1.7278
2020-11-03,2021-05-13,126,-1.7571,-3.4834
2020-11-04,2021-05-14,126,-1.3309,-2.6441
2020-11-05,2021-05-17,126,-1.5191,-3.0151
2020-11-06,2021-05-18,126,-1.2483,-2.481
2020-11-09,2021-05-19,126,-1.746,-3.4616
2020-11-10,2021-05-20,126,-0.852,-1.6967
2020-11-11,2021-05-21,126,-0.39,-0.7784
2020-11-12,2021-05-24,126,-0.0999,-0.1998
2020-11-13,2021-05-25,126,-0.0799,-0.1598
2020-11-16,2021-05-26,126,0.043,0.086
2020-11-17,2021-05-27,126,0.3869,0.7753
2020-11-18,2021-05-28,126,0.5312,1.0653
2020-11-19,2021-05-31,126,1.1377,2.2884
2020-11-20,2021-06-01,126,1.2576,2.531
2020-11-23,2021-06-02,126,0.2723,0.5454
2020-11-24,2021-06-03,126,0.7036,1.4122
2020-11-25,2021-06-04,126,1.2028,2.42
2020-11-26,2021-06-07,126,1.7873,3.6065
2020-11-27,2021-06-08,126,1.7052,3.4394
2020-11-30,2021-06-09,126,2.4894,5.0409
2020-12-01,2021-06-10,126,2.137,4.3196
2020-12-02,2021-06-11,126,1.7412,3.5128
2020-12-03,2021-06-15,126,0.946,1.9009
2020-12-04,2021-06-16,126,0.2128,0.426
2020-12-07,2021-06-17,126,0.3286,0.6583
2020-12-08,2021-06-18,126,-0.0188,-0.0376
2020-12-09,2021-06-21,126,1.0412,2.0932
2020-12-10,2021-06-22,126,1.4838,2.9895
2020-12-11,2021-06-23,126,2.1649,4.3767
2020-12-14,2021-06-24,126,1.4308,2.882
2020-12-15,2021-06-25,126,1.2355,2.4863
2020-12-16,2021-06-28,126,1.5709,3.1665
2020-12-17,2021-06-29,126,0.9079,1.8241
2020-12-18,2021-06-30,126,0.9132,1.8348
2020-12-21,2021-07-01,126,-0.0006,-0.0013
2020-12-22,2021-07-02,126,0.7185,1.4421
2020-12-23,2021-07-05,126,1.0431,2.097
2020-12-24,2021-07-06,126,1.4958,3.0139
2020-12-25,2021-07-07,126,1.5221,3.0673
2020-12-28,2021-07-08,126,1.6427,3.3123
2020-12-29,2021-07-09,126,2.1775,4.4024
2020-12-30,2021-07-12,126,2.4695,5.0
2021-01-04,2021-07-13,126,1.2615,2.5388
2021-01-05,2021-07-14,126,0.8136,1.6337
2021-01-06,2021-07-15,126,1.2839,2.5843
2021-01-07,2021-07-16,126,1.8394,3.7126
2021-01-08,2021-07-19,126,1.8323,3.6982
2021-01-11,2021-07-20,126,3.3493,6.8108
2021-01-12,2021-07-21,126,3.2801,6.6678
2021-01-13,2021-07-22,126,3.4843,7.09
2021-01-14,2021-07-23,126,3.5107,7.1447
2021-01-15,2021-07-26,126,2.9595,6.0066
2021-01-18,2021-07-27,126,1.5797,3.1843
2021-01-19,2021-07-28,126,1.3776,2.7742
2021-01-20,2021-07-29,126,2.1452,4.3365
2021-01-21,2021-07-30,126,1.8957,3.8273
2021-01-22,2021-08-02,126,2.3245,4.703
2021-01-25,2021-08-03,126,2.3578,4.7712
2021-01-26,2021-08-04,126,3.5057,7.1342
2021-01-27,2021-08-05,126,3.4716,7.0636
2021-01-28,2021-08-06,126,4.1872,8.5498
2021-01-29,2021-08-09,126,3.9357,8.0262
2021-02-01,2021-08-10,126,3.5427,7.2108
2021-02-02,2021-08-11,126,3.5913,7.3116
2021-02-03,2021-08-12,126,4.8158,9.8636
2021-02-04,2021-08-13,126,5.6744,11.6707
2021-02-05,2021-08-16,126,6.4887,13.3984
2021-02-08,2021-08-17,126,5.4561,11.2099
2021-02-09,2021-08-18,126,4.5707,9.3503
2021-02-10,2021-08-19,126,4.5138,9.2313
2021-02-18,2021-08-20,126,4.8657,9.9681
2021-02-19,2021-08-23,126,5.0997,10.4596
2021-02-22,2021-08-24,126,5.2131,10.698
2021-02-23,2021-08-25,126,5.2222,10.7171
2021-02-24,2021-08-26,126,5.0406,10.3353
2021-02-25,2021-08-27,126,5.7548,11.8407
2021-02-26,2021-08-30,126,6.817,14.0987
2021-03-01,2021-08-31,126,6.1165,12.6072
2021-03-02,2021-09-01,126,6.2384,12.8659
2021-03-03,2021-09-02,126,6.0279,12.4191
2021-03-04,2021-09-03,126,6.5381,13.5036
2021-03-05,2021-09-06,126,7.2887,15.1086
2021-03-08,2021-09-07,126,8.078,16.8086
2021-03-09,2021-09-08,126,8.9522,18.7059
2021-03-10,2021-09-09,126,8.8325,18.4452
2021-03-11,2021-09-10,126,8.1717,17.0112
2021-03-12,2021-09-13,126,8.4388,17.5898
2021-03-15,2021-09-14,126,8.3514,17.4002
2021-03-16,2021-09-15,126,8.3062,17.3023
2021-03-17,2021-09-16,126,6.8921,14.2593
2021-03-18,2021-09-17,126,6.2165,12.8195
2021-03-19,2021-09-22,126,7.0317,14.5579
2021-03-22,2021-09-23,126,6.5615,13.5535
2021-03-23,2021-09-24,126,6.2193,12.8253
2021-03-24,2021-09-27,126,5.8699,12.0844
2021-03-25,2021-09-28,126,5.5859,11.4837
2021-03-26,2021-09-29,126,4.071,8.3077
2021-03-29,2021-09-30,126,4.6425,9.5005
2021-03-30,2021-10-08,126,5.5063,11.3158
2021-03-31,2021-10-11,126,5.5789,11.4691
2021-04-01,2021-10-12,126,4.2944,8.7733
2021-04-02,2021-10-13,126,4.1495,8.4712
2021-04-06,2021-10-14,126,4.6181,9.4494
2021-04-07,2021-10-15,126,4.4756,9.1514
2021-04-08,2021-10-18,126,4.4634,9.1261
2021-04-09,2021-10-19,126,4.7289,9.6814
2021-04-12,2021-10-20,126,5.556,11.4207
2021-04-13,2021-10-21,126,5.9896,12.338
2021-04-14,2021-10-22,126,5.1573,10.5806
2021-04-15,2021-10-25,126,5.5761,11.4632
2021-04-16,2021-10-26,126,5.0215,10.2952
2021-04-19,2021-10-27,126,3.8813,7.9133
2021-04-20,2021-10-28,126,3.7966,7.7374
2021-04-21,2021-10-29,126,3.8544,7.8573
2021-04-22,2021-11-01,126,3.8638,7.8768
2021-04-23,2021-11-02,126,3.9124,7.9778
2021-04-26,2021-11-03,126,3.9963,8.1524
2021-04-27,2021-11-04,126,4.3962,8.9857
2021-04-28,2021-11-05,126,4.3505,8.8902
2021-04-29,2021-11-08,126,4.8177,9.8675
2021-04-30,2021-11-09,126,5.5849,11.4817
2021-05-06,2021-11-10,126,5.1491,10.5634
2021-05-07,2021-11-11,126,5.8609,12.0652
2021-05-10,2021-11-12,126,6.1105,12.5944
2021-05-11,2021-11-15,126,5.9239,12.1988
2021-05-12,2021-11-16,126,5.2837,10.8465
2021-05-13,2021-11-17,126,6.0272,12.4177
2021-05-14,2021-11-18,126,5.5115,11.3268
2021-05-17,2021-11-19,126,5.5478,11.4033
2021-05-18,2021-11-22,126,5.5643,11.4382
2021-05-19,2021-11-23,126,5.0393,10.3325
2021-05-20,2021-11-24,126,4.9219,10.0861
2021-05-21,2021-11-25,126,4.8846,10.0078
2021-05-24,2021-11-26,126,4.7835,9.7957
2021-05-25,2021-11-29,126,4.6794,9.5778
2021-05-26,2021-11-30,126,4.4605,9.1199
2021-05-27,2021-12-01,126,4.2446,8.6694
2021-05-28,2021-12-02,126,3.8291,7.8048
2021-05-31,2021-12-03,126,3.2626,6.6317
2021-06-01,2021-12-06,126,2.6884,5.449
2021-06-02,2021-12-07,126,2.9921,6.0738
2021-06-03,2021-12-08,126,3.7142,7.5663
2021-06-04,2021-12-09,126,3.812,7.7694
2021-06-07,2021-12-10,126,3.3122,6.7341
2021-06-08,2021-12-13,126,3.6692,7.4731
2021-06-09,2021-12-14,126,3.6366,7.4054
2021-06-10,2021-12-15,126,3.0315,6.1548
2021-06-11,2021-12-16,126,3.435,6.9879
2021-06-15,2021-12-17,126,3.9416,8.0386
2021-06-16,2021-12-20,126,4.0227,8.2072
2021-06-17,2021-12-21,126,4.1429,8.4575
2021-06-18,2021-12-22,126,4.3328,8.8533
2021-06-21,2021-12-23,126,4.1453,8.4625
2021-06-22,2021-12-24,126,3.4097,6.9356
2021-06-23,2021-12-27,126,3.1812,6.4637
2021-06-24,2021-12-28,126,3.9846,8.1279
2021-06-25,2021-12-29,126,3.7619,7.6652
2021-06-28,2021-12-30,126,3.5853,7.2991
2021-06-29,2022-01-04,126,4.1859,8.5469
2021-06-30,2022-01-05,126,3.4733,7.0673
2021-07-01,2022-01-06,126,3.691,7.5182
2021-07-02,2022-01-07,126,3.127,6.3518
2021-07-05,2022-01-10,126,2.869,5.8203
2021-07-06,2022-01-11,126,2.655,5.3805
2021-07-07,2022-01-12,126,2.8377,5.7559
2021-07-08,2022-01-13,126,2.4367,4.9328
2021-07-09,2022-01-14,126,2.2809,4.6139
2021-07-12,2022-01-17,126,2.1299,4.3051
2021-07-13,2022-01-18,126,1.62,3.2663
2021-07-14,2022-01-19,126,1.659,3.3456
2021-07-15,2022-01-20,126,1.2288,2.4728
2021-07-16,2022-01-21,126,0.9701,1.9496
2021-07-19,2022-01-24,126,1.3505,2.7192
2021-07-20,2022-01-25,126,0.0335,0.0669
2021-07-21,2022-01-26,126,-0.1867,-0.3731
2021-07-22,2022-01-27,126,-1.3174,-2.6175
2021-07-23,2022-01-28,126,-1.2728,-2.5293
2021-07-26,2022-02-07,126,-0.5964,-1.1893
2021-07-27,2022-02-08,126,0.5132,1.029
2021-07-28,2022-02-09,126,1.3677,2.7542
2021-07-29,2022-02-10,126,0.2719,0.5445
2021-07-30,2022-02-11,126,-0.6322,-1.2603
2021-08-02,2022-02-14,126,-0.4539,-0.9058
2021-08-03,2022-02-15,126,0.5128,1.0282
2021-08-04,2022-02-16,126,-0.2796,-0.5584
2021-08-05,2022-02-17,126,0.2297,0.4599
2021-08-06,2022-02-18,126,0.5736,1.1504
2021-08-09,2022-02-21,126,1.4496,2.9202
2021-08-10,2022-02-22,126,1.575,3.1748
2021-08-11,2022-02-23,126,1.7725,3.5765
2021-08-12,2022-02-24,126,1.3797,2.7784
2021-08-13,2022-02-25,126,1.3013,2.6196
2021-08-16,2022-02-28,126,1.3365,2.6908
2021-08-17,2022-03-01,126,1.8061,3.6448
2021-08-18,2022-03-02,126,1.9308,3.8989
2021-08-19,2022-03-03,126,1.4705,2.9627
2021-08-20,2022-03-04,126,1.1474,2.308
2021-08-23,2022-03-07,126,0.6726,1.3497
2021-08-24,2022-03-08,126,0.1796,0.3596
2021-08-25,2022-03-09,126,0.2671,0.5348
2021-08-26,2022-03-10,126,0.3001,0.6011
2021-08-27,2022-03-11,126,0.172,0.3443
2021-08-30,2022-03-14,126,-0.823,-1.6393
2021-08-31,2022-03-15,126,-2.3997,-4.7418
2021-09-01,2022-03-16,126,-1.5885,-3.1517
2021-09-02,2022-03-17,126,-1.1166,-2.2207
2021-09-03,2022-03-18,126,-0.6864,-1.3681
2021-09-06,2022-03-21,126,-0.9886,-1.9674
2021-09-07,2022-03-22,126,-1.2322,-2.4493
2021-09-08,2022-03-23,126,-0.9901,-1.9704
2021-09-09,2022-03-24,126,-0.804,-1.6015
2021-09-10,2022-03-25,126,-1.1338,-2.2547
2021-09-13,2022-03-28,126,-1.4508,-2.8806
2021-09-14,2022-03-29,126,-1.68,-3.3318
2021-09-15,2022-03-30,126,-1.5153,-3.0076
2021-09-16,2022-03-31,126,-1.0211,-2.0317
2021-09-17,2022-04-01,126,-0.5379,-1.0728
2021-09-22,2022-04-06,126,-1.1291,-2.2455
2021-09-23,2022-04-07,126,-1.4214,-2.8226
2021-09-24,2022-04-08,126,-1.0161,-2.0219
2021-09-27,2022-04-11,126,-1.0294,-2.0483
2021-09-28,2022-04-12,126,-0.3219,-0.6428
2021-09-29,2022-04-13,126,0.1489,0.2981
2021-09-30,2022-04-14,126,-0.0387,-0.0773
2021-10-08,2022-04-15,126,-0.6409,-1.2776
2021-10-11,2022-04-18,126,-0.0973,-0.1946
2021-10-12,2022-04-19,126,0.1411,0.2823
2021-10-13,2022-04-20,126,-0.819,-1.6313
2021-10-14,2022-04-21,126,-1.8733,-3.7115
2021-10-15,2022-04-22,126,-2.0358,-4.0301
2021-10-18,2022-04-25,126,-3.5885,-7.0483
2021-10-19,2022-04-26,126,-4.6192,-9.0251
2021-10-20,2022-04-27,126,-3.6995,-7.2621
2021-10-21,2022-04-28,126,-3.9504,-7.7448
2021-10-22,2022-04-29,126,-2.7574,-5.4388
2021-10-25,2022-05-05,126,-2.6761,-5.2805
2021-10-26,2022-05-06,126,-3.0276,-5.9636
2021-10-27,2022-05-09,126,-2.2579,-4.4648
2021-10-28,2022-05-10,126,-1.9062,-3.776
2021-10-29,2022-05-11,126,-2.0621,-4.0817
2021-11-01,2022-05-12,126,-1.7321,-3.4341
2021-11-02,2022-05-13,126,-1.8587,-3.6829
2021-11-03,2022-05-16,126,-1.8911,-3.7465
2021-11-04,2022-05-17,126,-1.7902,-3.5484
2021-11-05,2022-05-18,126,-2.1885,-4.329
2021-11-08,2022-05-19,126,-2.2888,-4.5251
2021-11-09,2022-05-20,126,-2.2753,-4.4988
2021-11-10,2022-05-23,126,-2.0201,-3.9995
2021-11-11,2022-05-24,126,-3.3891,-6.6633
2021-11-12,2022-05-25,126,-3.2802,-6.4529
2021-11-15,2022-05-26,126,-2.9033,-5.7223
2021-11-16,2022-05-27,126,-2.7343,-5.3938
2021-11-17,2022-05-30,126,-2.885,-5.6867
2021-11-18,2022-05-31,126,-2.7724,-5.468
2021-11-19,2022-06-01,126,-3.0639,-6.0339
2021-11-22,2022-06-02,126,-2.7952,-5.5123
2021-11-23,2022-06-06,126,-1.8154,-3.5978
2021-11-24,2022-06-07,126,-1.8196,-3.6061
2021-11-25,2022-06-08,126,-1.6155,-3.2048
2021-11-26,2022-06-09,126,-2.1852,-4.3227
2021-11-29,2022-06-10,126,-1.9007,-3.7653
2021-11-30,2022-06-13,126,-1.3583,-2.6982
2021-12-01,2022-06-14,126,-1.7772,-3.5227
2021-12-02,2022-06-15,126,-1.6245,-3.2226
2021-12-03,2022-06-16,126,-1.4674,-2.9132
2021-12-06,2022-06-17,126,-0.9227,-1.8369
2021-12-07,2022-06-20,126,-0.3886,-0.7756
2021-12-08,2022-06-21,126,-1.0797,-2.1477
2021-12-09,2022-06-22,126,-1.2694,-2.5227
2021-12-10,2022-06-23,126,-0.7168,-1.4285
2021-12-13,2022-06-24,126,-0.9369,-1.865
2021-12-14,2022-06-27,126,-0.551,-1.099
2021-12-15,2022-06-28,126,-0.0992,-0.1983
2021-12-16,2022-06-29,126,-1.1058,-2.1993
2021-12-17,2022-06-30,126,-0.8808,-1.7537
2021-12-20,2022-07-01,126,-0.6992,-1.3934
2021-12-21,2022-07-04,126,-0.3986,-0.7956
2021-12-22,2022-07-05,126,-0.7265,-1.4476
2021-12-23,2022-07-06,126,-1.7793,-3.5269
2021-12-24,2022-07-07,126,-1.4733,-2.9249
2021-12-27,2022-07-08,126,-1.6235,-3.2207
2021-12-28,2022-07-11,126,-2.2849,-4.5176
2021-12-29,2022-07-12,126,-2.4178,-4.7772
2021-12-30,2022-07-13,126,-2.4848,-4.9079
2022-01-04,2022-07-14,126,-2.4041,-4.7505
2022-01-05,2022-07-15,126,-2.3363,-4.6181
2022-01-06,2022-07-18,126,-1.9165,-3.7962
2022-01-07,2022-07-19,126,-1.1751,-2.3363
2022-01-10,2022-07-20,126,-1.0518,-2.0925
2022-01-11,2022-07-21,126,-1.348,-2.6778
2022-01-12,2022-07-22,126,-1.6271,-3.2277
2022-01-13,2022-07-25,126,-1.4959,-2.9695
2022-01-14,2022-07-26,126,-1.2892,-2.5618
2022-01-17,2022-07-27,126,-1.3634,-2.7083
2022-01-18,2022-07-28,126,-0.7288,-1.4524
2022-01-19,2022-07-29,126,-0.2836,-0.5664
2022-01-20,2022-08-01,126,0.0764,0.1529
2022-01-21,2022-08-02,126,-0.1053,-0.2105
2022-01-24,2022-08-03,126,-0.4144,-0.827
2022-01-25,2022-08-04,126,0.6838,1.3722
2022-01-26,2022-08-05,126,1.1733,2.3605
2022-01-27,2022-08-08,126,2.5567,5.1788
2022-01-28,2022-08-09,126,2.8447,5.7703
2022-02-07,2022-08-10,126,2.4408,4.9411
2022-02-08,2022-08-11,126,2.3687,4.7935
2022-02-09,2022-08-12,126,1.6613,3.3502
2022-02-10,2022-08-15,126,1.9721,3.983
2022-02-11,2022-08-16,126,2.7472,5.5698
2022-02-14,2022-08-17,126,2.3173,4.6882
2022-02-15,2022-08-18,126,1.5655,3.1554
2022-02-16,2022-08-19,126,1.3157,2.6487
2022-02-17,2022-08-22,126,1.0417,2.0942
2022-02-18,2022-08-23,126,0.86,1.7273
2022-02-21,2022-08-24,126,-0.1478,-0.2954
2022-02-22,2022-08-25,126,-0.2676,-0.5344
2022-02-23,2022-08-26,126,-0.7101,-1.4152
2022-02-24,2022-08-29,126,-0.7875,-1.5689
2022-02-25,2022-08-30,126,-0.8146,-1.6225
2022-02-28,2022-08-31,126,-1.7603,-3.4896
2022-03-01,2022-09-01,126,-2.1175,-4.1901
2022-03-02,2022-09-02,126,-2.248,-4.4454
2022-03-03,2022-09-05,126,-1.6519,-3.2764
2022-03-04,2022-09-06,126,-0.8409,-1.6746
2022-03-07,2022-09-07,126,-0.8522,-1.6972
2022-03-08,2022-09-08,126,-0.656,-1.3076
2022-03-09,2022-09-09,126,-0.595,-1.1865
2022-03-10,2022-09-13,126,-0.4325,-0.8632
2022-03-11,2022-09-14,126,-1.0333,-2.0559
2022-03-14,2022-09-15,126,-1.1099,-2.2074
2022-03-15,2022-09-16,126,-0.0293,-0.0585
2022-03-16,2022-09-19,126,-0.8713,-1.7351
2022-03-17,2022-09-20,126,-1.2113,-2.408
2022-03-18,2022-09-21,126,-1.3834,-2.7476
2022-03-21,2022-09-22,126,-1.6024,-3.1792
2022-03-22,2022-09-23,126,-1.9915,-3.9432
2022-03-23,2022-09-26,126,-2.478,-4.8946
2022-03-24,2022-09-27,126,-2.0358,-4.0301
2022-03-25,2022-09-28,126,-2.5857,-5.1045
2022-03-28,2022-09-29,126,-1.8644,-3.694
2022-03-29,2022-09-30,126,-1.9026,-3.7689
2022-03-30,2022-10-10,126,-2.6716,-5.2719
2022-03-31,2022-10-11,126,-2.2584,-4.4658
2022-04-01,2022-10-12,126,-1.7149,-3.4004
2022-04-06,2022-10-13,126,-1.3585,-2.6986
2022-04-07,2022-10-14,126,-0.35,-0.6988
2022-04-08,2022-10-17,126,-0.1255,-0.2509
2022-04-11,2022-10-18,126,0.7901,1.5864
2022-04-12,2022-10-19,126,0.0894,0.1788
2022-04-13,2022-10-20,126,0.2335,0.4675
2022-04-14,2022-10-21,126,-0.128,-0.2558
2022-04-15,2022-10-24,126,0.2338,0.4682
2022-04-18,2022-10-25,126,-0.1234,-0.2467
2022-04-19,2022-10-26,126,0.4954,0.9932
2022-04-20,2022-10-27,126,1.0809,2.1734
2022-04-21,2022-10-28,126,0.9518,1.9126
2022-04-22,2022-10-31,126,1.3993,2.8182
2022-04-25,2022-11-01,126,4.4684,9.1365
2022-04-26,2022-11-02,126,6.0274,12.4181
2022-04-27,2022-11-03,126,4.6341,9.483
2022-04-28,2022-11-04,126,5.5363,11.3791
2022-04-29,2022-11-07,126,4.1696,8.513
2022-05-05,2022-11-08,126,3.7046,7.5464
2022-05-06,2022-11-09,126,4.5601,9.3282
2022-05-09,2022-11-10,126,3.7801,7.7031
2022-05-10,2022-11-11,126,3.8144,7.7743
2022-05-11,2022-11-14,126,3.3326,6.7762
2022-05-12,2022-11-15,126,3.6479,7.4288
2022-05-13,2022-11-16,126,3.6913,7.5188
2022-05-16,2022-11-17,126,3.974,8.1059
2022-05-17,2022-11-18,126,3.4283,6.974
2022-05-18,2022-11-21,126,3.675,7.4851
2022-05-19,2022-11-22,126,2.8861,5.8555
2022-05-20,2022-11-23,126,2.3155,4.6845
2022-05-23,2022-11-24,126,2.1699,4.3869
2022-05-24,2022-11-25,126,2.9967,6.0831
2022-05-25,2022-11-28,126,2.4344,4.928
2022-05-26,2022-11-29,126,2.4905,5.043
2022-05-27,2022-11-30,126,2.4071,4.8721
2022-05-30,2022-12-01,126,2.5744,5.2151
2022-05-31,2022-12-02,126,2.5856,5.2381
2022-06-01,2022-12-05,126,2.5572,5.1798
2022-06-02,2022-12-06,126,1.8158,3.6645
2022-06-06,2022-12-07,126,1.2035,2.4214
2022-06-07,2022-12-08,126,1.28,2.5765
2022-06-08,2022-12-09,126,1.2411,2.4977
2022-06-09,2022-12-12,126,1.5466,3.1171
2022-06-10,2022-12-13,126,0.8778,1.7633
2022-06-13,2022-12-14,126,0.4765,0.9554
2022-06-14,2022-12-15,126,0.8765,1.7607
2022-06-15,2022-12-16,126,0.6593,1.3229
2022-06-16,2022-12-19,126,0.0894,0.1788
2022-06-17,2022-12-20,126,-0.5403,-1.0778
2022-06-20,2022-12-21,126,-0.6266,-1.2492
2022-06-21,2022-12-22,126,-0.6969,-1.3889
2022-06-22,2022-12-23,126,-0.6861,-1.3675
2022-06-23,2022-12-26,126,-0.7881,-1.5701
2022-06-24,2022-12-27,126,-0.6472,-1.2902
2022-06-27,2022-12-28,126,-1.2183,-2.4218
2022-06-28,2022-12-29,126,-1.3387,-2.6596
2022-06-29,2022-12-30,126,-0.5101,-1.0176
2022-06-30,2023-01-03,126,-0.2368,-0.473
2022-07-01,2023-01-04,126,0.0433,0.0866
2022-07-04,2023-01-05,126,-0.1531,-0.306
2022-07-05,2023-01-06,126,-0.1169,-0.2337
2022-07-06,2023-01-09,126,1.0915,2.195
2022-07-07,2023-01-10,126,1.1904,2.3951
2022-07-08,2023-01-11,126,1.2118,2.4382
2022-07-11,2023-01-12,126,1.5691,3.1628
2022-07-12,2023-01-13,126,2.0245,4.09
2022-07-13,2023-01-16,126,2.4419,4.9433
2022-07-14,2023-01-17,126,2.2384,4.5268
2022-07-15,2023-01-18,126,2.6975,5.4677
2022-07-18,2023-01-19,126,2.5595,5.1845
2022-07-19,2023-01-20,126,2.9333,5.9527
2022-07-20,2023-01-30,126,2.7713,5.6195
2022-07-21,2023-01-31,126,3.0066,6.1036
2022-07-22,2023-02-01,126,3.2776,6.6627
2022-07-25,2023-02-02,126,3.7413,7.6226
2022-07-26,2023-02-03,126,3.0872,6.2698
2022-07-27,2023-02-06,126,2.4425,4.9447
2022-07-28,2023-02-07,126,2.0362,4.1139
2022-07-29,2023-02-08,126,1.5799,3.1848
2022-08-01,2023-02-09,126,1.9197,3.8763
2022-08-02,2023-02-10,126,2.1545,4.3554
2022-08-03,2023-02-13,126,2.8656,5.8133
2022-08-04,2023-02-14,126,2.6896,5.4515
2022-08-05,2023-02-15,126,1.9771,3.9933
2022-08-08,2023-02-16,126,1.3196,2.6566
2022-08-09,2023-02-17,126,0.8066,1.6197
2022-08-10,2023-02-20,126,1.2147,2.4442
2022-08-11,2023-02-21,126,1.1539,2.3211
2022-08-12,2023-02-22,126,1.3478,2.7138
2022-08-15,2023-02-23,126,0.942,1.8929
2022-08-16,2023-02-24,126,0.8357,1.6784
2022-08-17,2023-02-27,126,0.6846,1.3739
2022-08-18,2023-02-28,126,1.0264,2.0633
2022-08-19,2023-03-01,126,1.6673,3.3623
2022-08-22,2023-03-02,126,1.4473,2.9156
2022-08-23,2023-03-03,126,1.4191,2.8583
2022-08-24,2023-03-06,126,2.4004,4.8585
2022-08-25,2023-03-07,126,1.8613,3.7573
2022-08-26,2023-03-08,126,1.8046,3.6418
2022-08-29,2023-03-09,126,1.9007,3.8376
2022-08-30,2023-03-10,126,1.7526,3.536
2022-08-31,2023-03-13,126,3.0606,6.2149
2022-09-01,2023-03-14,126,3.5273,7.1791
2022-09-02,2023-03-15,126,3.5039,7.1306
2022-09-05,2023-03-16,126,2.973,6.0344
2022-09-06,2023-03-17,126,2.6753,5.4223
2022-09-07,2023-03-20,126,3.4135,6.9436
2022-09-08,2023-03-21,126,3.556,7.2384
2022-09-09,2023-03-22,126,3.2432,6.5916
2022-09-13,2023-03-23,126,3.5551,7.2366
2022-09-14,2023-03-24,126,4.1303,8.4311
2022-09-15,2023-03-27,126,4.9613,10.1687
2022-09-16,2023-03-28,126,5.2497,10.7751
2022-09-19,2023-03-29,126,5.517,11.3384
2022-09-20,2023-03-30,126,5.182,10.6326
2022-09-21,2023-03-31,126,5.518,11.3405
2022-09-22,2023-04-03,126,5.5577,11.4242
2022-09-23,2023-04-04,126,6.2198,12.8265
2022-09-26,2023-04-06,126,7.3098,15.1539
2022-09-27,2023-04-07,126,6.9946,14.4784
2022-09-28,2023-04-10,126,7.1801,14.8756
2022-09-29,2023-04-11,126,7.0233,14.5398
2022-09-30,2023-04-12,126,7.7937,16.1949
2022-10-10,2023-04-13,126,8.0478,16.7432
2022-10-11,2023-04-14,126,8.2794,17.2443
2022-10-12,2023-04-17,126,7.1328,14.7745
2022-10-13,2023-04-18,126,6.7025,13.8542
2022-10-14,2023-04-19,126,5.9561,12.2669
2022-10-17,2023-04-20,126,5.8679,12.0801
2022-10-18,2023-04-21,126,4.8135,9.8588
2022-10-19,2023-04-24,126,4.7695,9.7665
2022-10-20,2023-04-25,126,4.7928,9.8153
2022-10-21,2023-04-26,126,4.9951,10.2398
2022-10-24,2023-04-27,126,4.9381,10.12
2022-10-25,2023-04-28,126,5.1109,10.4831
2022-10-26,2023-05-04,126,5.3066,10.8948
2022-10-27,2023-05-05,126,5.3365,10.9578
2022-10-28,2023-05-08,126,6.0985,12.5689
2022-10-31,2023-05-09,126,5.6427,11.6038
2022-11-01,2023-05-10,126,5.2207,10.714
2022-11-02,2023-05-11,126,4.8169,9.8659
2022-11-03,2023-05-12,126,4.1945,8.5649
2022-11-04,2023-05-15,126,3.9758,8.1098
2022-11-07,2023-05-16,126,3.397,6.9094
2022-11-08,2023-05-17,126,3.438,6.9942
2022-11-09,2023-05-18,126,3.0045,6.0992
2022-11-10,2023-05-19,126,3.2237,6.5514
2022-11-11,2023-05-22,126,2.9567,6.0009
2022-11-14,2023-05-23,126,2.9562,5.9999
2022-11-15,2023-05-24,126,2.369,4.7941
2022-11-16,2023-05-25,126,2.2524,4.5555
2022-11-17,2023-05-26,126,2.1948,4.4378
2022-11-18,2023-05-29,126,2.3817,4.8201
2022-11-21,2023-05-30,126,2.4648,4.9904
2022-11-22,2023-05-31,126,3.2507,6.6071
2022-11-23,2023-06-01,126,3.3803,6.8749
2022-11-24,2023-06-02,126,3.475,7.0707
2022-11-25,2023-06-05,126,3.4078,6.9318
2022-11-28,2023-06-06,126,3.0821,6.2592
2022-11-29,2023-06-07,126,2.8282,5.7363
2022-11-30,2023-06-08,126,2.5332,5.1306
2022-12-01,2023-06-09,126,2.6537,5.3778
2022-12-02,2023-06-12,126,2.5473,5.1596
2022-12-05,2023-06-13,126,2.8457,5.7724
2022-12-06,2023-06-14,126,3.0659,6.2258
2022-12-07,2023-06-15,126,3.0167,6.1244
2022-12-08,2023-06-16,126,3.5039,7.1306
2022-12-09,2023-06-19,126,3.5079,7.1389
2022-12-12,2023-06-20,126,3.6446,7.4221
2022-12-13,2023-06-21,126,3.1821,6.4654
2022-12-14,2023-06-26,126,2.4403,4.9401
2022-12-15,2023-06-27,126,2.8619,5.8057
2022-12-16,2023-06-28,126,3.0591,6.2118
2022-12-19,2023-06-29,126,3.611,7.3524
2022-12-20,2023-06-30,126,4.1924,8.5605
2022-12-21,2023-07-03,126,4.2467,8.6737
2022-12-22,2023-07-04,126,4.7861,9.8012
2022-12-23,2023-07-05,126,4.9299,10.1029
2022-12-26,2023-07-06,126,4.3992,8.992
2022-12-27,2023-07-07,126,3.9134,7.9799
2022-12-28,2023-07-10,126,4.2093,8.5957
2022-12-29,2023-07-11,126,4.4661,9.1317
2022-12-30,2023-07-12,126,3.8496,7.8474
2023-01-03,2023-07-13,126,3.7449,7.6301
2023-01-04,2023-07-14,126,3.5732,7.274
2023-01-05,2023-07-17,126,3.3453,6.8024
2023-01-06,2023-07-18,126,3.5599,7.2465
2023-01-09,2023-07-19,126,3.3906,6.8961
2023-01-10,2023-07-20,126,3.043,6.1786
2023-01-11,2023-07-21,126,2.9816,6.0521
2023-01-12,2023-07-24,126,2.9447,5.9762
2023-01-13,2023-07-25,126,3.0587,6.211
2023-01-16,2023-07-26,126,2.5991,5.2657
2023-01-17,2023-07-27,126,2.3413,4.7373
2023-01-18,2023-07-28,126,2.3355,4.7256
2023-01-19,2023-07-31,126,2.1927,4.4334
2023-01-20,2023-08-01,126,1.7894,3.6109
2023-01-30,2023-08-02,126,1.5997,3.225
2023-01-31,2023-08-03,126,1.6252,3.2768
2023-02-01,2023-08-04,126,1.1968,2.4078
2023-02-02,2023-08-07,126,0.8925,1.7929
2023-02-03,2023-08-08,126,1.1552,2.3237
2023-02-06,2023-08-09,126,1.4333,2.8872
2023-02-07,2023-08-10,126,1.3169,2.6512
2023-02-08,2023-08-11,126,1.1422,2.2975
2023-02-09,2023-08-14,126,0.7535,1.5126
2023-02-10,2023-08-15,126,0.8162,1.639
2023-02-13,2023-08-16,126,0.224,0.4485
2023-02-14,2023-08-17,126,0.4201,0.842
2023-02-15,2023-08-18,126,-0.0828,-0.1655
2023-02-16,2023-08-21,126,0.2659,0.5326
2023-02-17,2023-08-22,126,0.6465,1.2972
2023-02-20,2023-08-23,126,-0.1481,-0.2959
2023-02-21,2023-08-24,126,-0.0208,-0.0417
2023-02-22,2023-08-25,126,-0.6114,-1.2192
2023-02-23,2023-08-28,126,-0.2866,-0.5724
2023-02-24,2023-08-29,126,0.4635,0.929
2023-02-27,2023-08-30,126,0.8813,1.7704
2023-02-28,2023-08-31,126,0.6301,1.2642
2023-03-01,2023-09-01,126,0.3555,0.7122
2023-03-02,2023-09-04,126,0.9235,1.8554
2023-03-03,2023-09-05,126,0.7294,1.4642
2023-03-06,2023-09-06,126,0.5011,1.0047
2023-03-07,2023-09-07,126,0.5183,1.0392
2023-03-08,2023-09-08,126,0.9523,1.9137
2023-03-09,2023-09-11,126,1.2245,2.464
2023-03-10,2023-09-12,126,1.3716,2.762
2023-03-13,2023-09-13,126,0.769,1.544
2023-03-14,2023-09-14,126,0.716,1.4371
2023-03-15,2023-09-15,126,0.498,0.9984
2023-03-16,2023-09-18,126,0.5046,1.0117
2023-03-17,2023-09-19,126,0.1713,0.3429
2023-03-20,2023-09-20,126,-0.6384,-1.2727
2023-03-21,2023-09-21,126,-0.904,-1.7999
2023-03-22,2023-09-22,126,-0.2284,-0.4563
2023-03-23,2023-09-25,126,-0.5446,-1.0863
2023-03-24,2023-09-26,126,-0.8484,-1.6896
2023-03-27,2023-09-27,126,-0.8251,-1.6434
2023-03-28,2023-09-28,126,-0.7684,-1.5309
2023-03-29,2023-10-09,126,-1.1391,-2.2652
2023-03-30,2023-10-10,126,-1.5119,-3.001
2023-03-31,2023-10-11,126,-1.8181,-3.603
2023-04-03,2023-10-12,126,-1.4157,-2.8113
2023-04-04,2023-10-13,126,-1.6976,-3.3665
2023-04-06,2023-10-16,126,-2.0193,-3.9978
2023-04-07,2023-10-17,126,-2.1338,-4.2221
2023-04-10,2023-10-18,126,-1.7564,-3.4819
2023-04-11,2023-10-19,126,-1.9713,-3.9037
2023-04-12,2023-10-20,126,-2.2594,-4.4678
2023-04-13,2023-10-23,126,-2.6249,-5.1809
2023-04-14,2023-10-24,126,-2.6618,-5.2528
2023-04-17,2023-10-25,126,-2.2093,-4.3699
2023-04-18,2023-10-26,126,-1.783,-3.5341
2023-04-19,2023-10-27,126,-1.2773,-2.5384
2023-04-20,2023-10-30,126,-0.9193,-1.8301
2023-04-21,2023-10-31,126,-0.2803,-0.5597
2023-04-24,2023-11-01,126,-0.1804,-0.3604
2023-04-25,2023-11-02,126,-0.1937,-0.387
2023-04-26,2023-11-03,126,-0.0441,-0.0883
2023-04-27,2023-11-06,126,0.2085,0.4175
2023-04-28,2023-11-07,126,0.0604,0.1209
2023-05-04,2023-11-08,126,-0.6695,-1.3346
2023-05-05,2023-11-09,126,-0.8492,-1.6911
2023-05-08,2023-11-10,126,-0.6109,-1.218
2023-05-09,2023-11-13,126,-0.21,-0.4196
2023-05-10,2023-11-14,126,-0.1375,-0.2748
2023-05-11,2023-11-15,126,0.0597,0.1194
2023-05-12,2023-11-16,126,0.2616,0.5239
2023-05-15,2023-11-17,126,0.265,0.5308
2023-05-16,2023-11-20,126,0.4901,0.9825
2023-05-17,2023-11-21,126,0.2509,0.5025
2023-05-18,2023-11-22,126,-0.1536,-0.307
2023-05-19,2023-11-23,126,0.0927,0.1854
2023-05-22,2023-11-24,126,-0.2826,-0.5644
2023-05-23,2023-11-27,126,0.2863,0.5733
2023-05-24,2023-11-28,126,0.4151,0.832
2023-05-25,2023-11-29,126,0.6707,1.346
2023-05-26,2023-11-30,126,0.5458,1.0946
2023-05-29,2023-12-01,126,0.7727,1.5514
2023-05-30,2023-12-04,126,0.9954,2.0007
2023-05-31,2023-12-05,126,-0.2005,-0.4006
2023-06-01,2023-12-06,126,-0.1854,-0.3704
2023-06-02,2023-12-07,126,-0.4072,-0.8127
2023-06-05,2023-12-08,126,-0.183,-0.3657
2023-06-06,2023-12-11,126,0.2151,0.4307
2023-06-07,2023-12-12,126,0.0929,0.1859
2023-06-08,2023-12-13,126,0.134,0.2682
2023-06-09,2023-12-14,126,0.0091,0.0182
2023-06-12,2023-12-15,126,-0.3174,-0.6338
2023-06-13,2023-12-18,126,-0.8635,-1.7196
2023-06-14,2023-12-19,126,-0.7006,-1.3963
2023-06-15,2023-12-20,126,-0.9288,-1.849
2023-06-16,2023-12-21,126,-1.161,-2.3084
2023-06-19,2023-12-22,126,-1.3864,-2.7537
2023-06-20,2023-12-25,126,-1.3425,-2.6669
2023-06-21,2023-12-26,126,-1.0408,-2.0708
2023-06-26,2023-12-27,126,-0.3306,-0.66
2023-06-27,2023-12-28,126,-0.1321,-0.2639
2023-06-28,2023-12-29,126,0.2926,0.5861
2023-06-29,2024-01-02,126,0.0792,0.1585
2023-06-30,2024-01-03,126,-0.4672,-0.9323
2023-07-03,2024-01-04,126,-0.8334,-1.6598
2023-07-04,2024-01-05,126,-1.362,-2.7055
2023-07-05,2024-01-08,126,-1.8269,-3.6205
2023-07-06,2024-01-09,126,-1.82,-3.607
2023-07-07,2024-01-10,126,-1.8539,-3.6735
2023-07-10,2024-01-11,126,-1.5029,-2.9833
2023-07-11,2024-01-12,126,-1.8144,-3.596
2023-07-12,2024-01-15,126,-1.4054,-2.791
2023-07-13,2024-01-16,126,-1.967,-3.8953
2023-07-14,2024-01-17,126,-2.6507,-5.2312
2023-07-17,2024-01-18,126,-2.7494,-5.4233
2023-07-18,2024-01-19,126,-3.0174,-5.9437
2023-07-19,2024-01-22,126,-4.6444,-9.0731
2023-07-20,2024-01-23,126,-3.9832,-7.8077
2023-07-21,2024-01-24,126,-3.5659,-7.0046
2023-07-24,2024-01-25,126,-2.8837,-5.6843
2023-07-25,2024-01-26,126,-3.2127,-6.3221
2023-07-26,2024-01-29,126,-3.7026,-7.268
2023-07-27,2024-01-30,126,-4.1695,-8.1651
2023-07-28,2024-01-31,126,-4.9954,-9.7413
2023-07-31,2024-02-01,126,-5.2267,-10.1803
2023-08-01,2024-02-02,126,-5.9344,-11.5166
2023-08-02,2024-02-05,126,-7.2486,-13.9718
2023-08-03,2024-02-06,126,-5.9066,-11.4643
2023-08-04,2024-02-07,126,-5.0377,-9.8215
2023-08-07,2024-02-08,126,-4.0977,-8.0275
2023-08-08,2024-02-19,126,-3.979,-7.7996
2023-08-09,2024-02-20,126,-3.737,-7.3344
2023-08-10,2024-02-21,126,-3.5409,-6.9565
2023-08-11,2024-02-22,126,-2.9096,-5.7346
2023-08-14,2024-02-23,126,-2.7108,-5.3482
2023-08-15,2024-02-26,126,-2.2498,-4.449
2023-08-16,2024-02-27,126,-1.4528,-2.8845
2023-08-17,2024-02-28,126,-2.7125,-5.3515
2023-08-18,2024-02-29,126,-1.2699,-2.5236
2023-08-21,2024-03-01,126,-0.8004,-1.5944
2023-08-22,2024-03-04,126,-0.488,-0.9736
2023-08-23,2024-03-05,126,0.0771,0.1543
2023-08-24,2024-03-06,126,0.0988,0.1976
2023-08-25,2024-03-07,126,0.5639,1.1311
2023-08-28,2024-03-08,126,0.6912,1.3871
2023-08-29,2024-03-11,126,0.3787,0.7587
2023-08-30,2024-03-12,126,0.2298,0.4601
2023-08-31,2024-03-13,126,0.3234,0.6478
2023-09-01,2024-03-14,126,0.2376,0.4758
2023-09-04,2024-03-15,126,0.1676,0.3355
2023-09-05,2024-03-18,126,0.436,0.8739
2023-09-06,2024-03-19,126,0.2586,0.5179
2023-09-07,2024-03-20,126,0.9484,1.9058
2023-09-08,2024-03-21,126,1.2321,2.4794
2023-09-11,2024-03-22,126,0.503,1.0085
2023-09-12,2024-03-25,126,-0.0241,-0.0482
2023-09-13,2024-03-26,126,0.2024,0.4053
2023-09-14,2024-03-27,126,-0.5636,-1.124
2023-09-15,2024-03-28,126,0.2021,0.4046
2023-09-18,2024-03-29,126,1.1531,2.3195
2023-09-19,2024-04-01,126,1.8753,3.7858
2023-09-20,2024-04-02,126,1.9022,3.8407
2023-09-21,2024-04-03,126,2.3305,4.7153
2023-09-22,2024-04-08,126,2.1273,4.2999
2023-09-25,2024-04-09,126,2.5927,5.2526
2023-09-26,2024-04-10,126,2.4291,4.9172
2023-09-27,2024-04-11,126,2.3518,4.759
2023-09-28,2024-04-12,126,3.2116,6.5263
2023-10-09,2024-04-15,126,3.0007,6.0914
2023-10-10,2024-04-16,126,2.5261,5.116
2023-10-11,2024-04-17,126,3.4715,7.0634
2023-10-12,2024-04-18,126,2.9719,6.0321
2023-10-13,2024-04-19,126,3.0351,6.1623
2023-10-16,2024-04-22,126,2.3061,4.6654
2023-10-17,2024-04-23,126,1.4079,2.8356
2023-10-18,2024-04-24,126,2.2771,4.6061
2023-10-19,2024-04-25,126,2.3699,4.7959
2023-10-20,2024-04-26,126,3.0389,6.1702
2023-10-23,2024-04-29,126,4.0974,8.3627
2023-10-24,2024-04-30,126,3.4554,7.0302
2023-10-25,2024-05-06,126,3.6693,7.4732
2023-10-26,2024-05-07,126,3.5304,7.1855
2023-10-27,2024-05-08,126,2.6322,5.3336
2023-10-30,2024-05-09,126,2.5322,5.1286
2023-10-31,2024-05-10,126,3.1037,6.3036
2023-11-01,2024-05-13,126,2.8215,5.7226
2023-11-02,2024-05-14,126,3.0274,6.1465
2023-11-03,2024-05-15,126,2.6749,5.4214
2023-11-06,2024-05-16,126,2.5319,5.1279
2023-11-07,2024-05-17,126,2.8983,5.8807
2023-11-08,2024-05-20,126,3.7918,7.7274
2023-11-09,2024-05-21,126,3.5158,7.1552
2023-11-10,2024-05-22,126,3.4946,7.1113
2023-11-13,2024-05-23,126,2.1048,4.2539
2023-11-14,2024-05-24,126,1.3356,2.6891
2023-11-15,2024-05-27,126,1.4554,2.932
2023-11-16,2024-05-28,126,1.5277,3.0788
2023-11-17,2024-05-29,126,1.4347,2.89
2023-11-20,2024-05-30,126,1.1764,2.3666
2023-11-21,2024-05-31,126,1.6168,3.2598
2023-11-22,2024-06-03,126,1.4003,2.8202
2023-11-23,2024-06-04,126,1.5503,3.1245
2023-11-24,2024-06-05,126,1.4134,2.8468
2023-11-27,2024-06-06,126,1.1498,2.3127
2023-11-28,2024-06-07,126,1.045,2.1009
2023-11-29,2024-06-11,126,0.2455,0.4916
2023-11-30,2024-06-12,126,0.6034,1.2105
2023-12-01,2024-06-13,126,0.2708,0.5424
2023-12-04,2024-06-14,126,0.0248,0.0496
2023-12-05,2024-06-17,126,0.9318,1.8723
2023-12-06,2024-06-18,126,1.0716,2.1547
2023-12-07,2024-06-19,126,0.872,1.7516
2023-12-08,2024-06-20,126,0.7276,1.4605
2023-12-11,2024-06-21,126,0.7631,1.532
2023-12-12,2024-06-24,126,-0.3165,-0.6321
2023-12-13,2024-06-25,126,-0.1536,-0.3069
2023-12-14,2024-06-26,126,-0.0145,-0.029
2023-12-15,2024-06-27,126,-0.5046,-1.0067
2023-12-18,2024-06-28,126,0.3732,0.7477
2023-12-19,2024-07-01,126,0.4772,0.9566
2023-12-20,2024-07-02,126,0.77,1.546
2023-12-21,2024-07-03,126,0.6019,1.2074
2023-12-22,2024-07-04,126,0.4365,0.875
2023-12-25,2024-07-05,126,0.6422,1.2885
2023-12-26,2024-07-08,126,0.5399,1.0828
2023-12-27,2024-07-09,126,0.6137,1.2312
2023-12-28,2024-07-10,126,0.1235,0.2472
2023-12-29,2024-07-11,126,0.5951,1.1937
2024-01-02,2024-07-12,126,0.7408,1.4871
2024-01-03,2024-07-15,126,0.6192,1.2421
2024-01-04,2024-07-16,126,1.381,2.7811
2024-01-05,2024-07-17,126,1.8923,3.8204
2024-01-08,2024-07-18,126,2.509,5.0811
2024-01-09,2024-07-19,126,1.7478,3.5261
2024-01-10,2024-07-22,126,1.9778,3.9948
2024-01-11,2024-07-23,126,0.8346,1.6761
2024-01-12,2024-07-24,126,1.0184,2.0472
2024-01-15,2024-07-25,126,0.1887,0.3777
2024-01-16,2024-07-26,126,0.6794,1.3635
2024-01-17,2024-07-29,126,1.6176,3.2614
2024-01-18,2024-07-30,126,1.8577,3.7498
2024-01-19,2024-07-31,126,3.132,6.3622
2024-01-22,2024-08-01,126,4.8203,9.873
2024-01-23,2024-08-02,126,4.2506,8.6818
2024-01-24,2024-08-05,126,2.6158,5.3001
2024-01-25,2024-08-06,126,2.021,4.0829
2024-01-26,2024-08-07,126,2.1709,4.3889
2024-01-29,2024-08-08,126,2.6815,5.4349
2024-01-30,2024-08-09,126,3.3575,6.8278
2024-01-31,2024-08-12,126,4.3956,8.9844
2024-02-01,2024-08-13,126,4.8358,9.9054
2024-02-02,2024-08-14,126,5.3373,10.9596
2024-02-05,2024-08-15,126,7.3932,15.3329
2024-02-06,2024-08-16,126,5.5023,11.3074
2024-02-07,2024-08-19,126,4.6797,9.5783
2024-02-08,2024-08-20,126,3.2466,6.5985
2024-02-19,2024-08-21,126,3.2033,6.5092
2024-02-20,2024-08-22,126,2.7771,5.6313
2024-02-21,2024-08-23,126,2.576,5.2184
2024-02-22,2024-08-26,126,2.5364,5.1372
2024-02-23,2024-08-27,126,2.0265,4.0941
2024-02-26,2024-08-28,126,1.756,3.5428
2024-02-27,2024-08-29,126,1.5449,3.1137
2024-02-28,2024-08-30,126,2.912,5.9087
2024-02-29,2024-09-02,126,1.4483,2.9176
2024-03-01,2024-09-03,126,1.3538,2.726
2024-03-04,2024-09-04,126,0.5724,1.148
2024-03-05,2024-09-05,126,0.7162,1.4375
2024-03-06,2024-09-06,126,0.2163,0.433
2024-03-07,2024-09-09,126,-0.1428,-0.2854
2024-03-08,2024-09-10,126,-0.174,-0.3478
2024-03-11,2024-09-11,126,-0.52,-1.0372
2024-03-12,2024-09-12,126,-0.6666,-1.3287
2024-03-13,2024-09-13,126,-0.5355,-1.0681
2024-03-14,2024-09-18,126,-0.5422,-1.0815
2024-03-15,2024-09-19,126,-0.5585,-1.1138
2024-03-18,2024-09-20,126,-0.3203,-0.6396
2024-03-19,2024-09-23,126,0.0035,0.007
2024-03-20,2024-09-24,126,0.5129,1.0284
2024-03-21,2024-09-25,126,0.3415,0.6842
2024-03-22,2024-09-26,126,1.6691,3.3661
2024-03-25,2024-09-27,126,3.3091,6.7276
2024-03-26,2024-09-30,126,5.8392,12.0194
2024-03-27,2024-10-08,126,8.9344,18.6671
2024-03-28,2024-10-09,126,5.5284,11.3624
2024-03-29,2024-10-10,126,4.404,9.0019
2024-04-01,2024-10-11,126,2.9542,5.9958
2024-04-02,2024-10-14,126,4.2172,8.6122
2024-04-03,2024-10-15,126,3.5253,7.1749
2024-04-08,2024-10-16,126,3.7843,7.7118
2024-04-09,2024-10-17,126,3.3708,6.8552
