date,stock,gold
2020-01-02,1019.723,346.24
2020-01-03,1024.482,351.16
2020-01-06,1027.277,358.34
2020-01-07,1043.083,354.94
2020-01-08,1051.16,360.68
2020-01-09,1078.312,348.04
2020-01-10,1076.438,349.3
2020-01-13,1105.848,349.42
2020-01-14,1118.306,344.7
2020-01-15,1114.766,347.54
2020-01-16,1154.303,347.96
2020-01-17,1238.664,347.78
2020-01-20,1240.509,347.94
2020-01-21,1195.014,351.34
2020-01-22,1244.525,348.32
2020-01-23,1202.102,350.72
2020-02-03,1030.55,359.3
2020-02-04,1153.232,356.2
2020-02-05,1203.613,354.22
2020-02-06,1238.757,352.4
2020-02-07,1307.757,354.3
2020-02-10,1322.25,355.56
2020-02-11,1283.572,354.6
2020-02-12,1348.702,354.0
2020-02-13,1360.709,356.52
2020-02-14,1327.224,356.78
2020-02-17,1381.553,357.9
2020-02-18,1399.384,359.68
2020-02-19,1373.444,364.06
2020-02-20,1348.338,365.06
2020-02-21,1346.863,371.9
2020-02-24,1351.71,379.7
2020-02-25,1367.368,371.74
2020-02-26,1288.242,374.26
2020-02-27,1264.941,374.3
2020-02-28,1191.055,369.98
2020-03-02,1252.624,361.24
2020-03-03,1285.034,360.26
2020-03-04,1255.723,368.54
2020-03-05,1264.788,368.62
2020-03-06,1243.373,376.08
2020-03-09,1171.859,373.42
2020-03-10,1216.328,368.64
2020-03-11,1184.71,371.22
2020-03-12,1167.065,367.26
2020-03-13,1175.282,356.4
2020-03-16,1115.084,347.18
2020-03-17,1131.547,330.88
2020-03-18,1115.019,339.08
2020-03-19,1128.973,336.62
2020-03-20,1127.369,339.78
2020-03-23,1039.884,339.62
2020-03-24,1060.843,358.46
2020-03-25,1101.319,364.4
2020-03-26,1095.338,363.34
2020-03-27,1084.505,367.58
2020-03-30,1035.827,364.7
2020-03-31,1029.749,364.9
2020-04-01,1037.927,358.62
2020-04-02,1094.826,360.7
2020-04-03,1080.53,363.48
2020-04-07,1111.654,373.88
2020-04-08,1104.145,370.2
2020-04-09,1101.281,371.46
2020-04-10,1058.44,373.74
2020-04-13,1042.145,373.26
2020-04-14,1073.217,377.6
2020-04-15,1088.203,376.32
2020-04-16,1091.933,379.38
2020-04-17,1117.07,372.18
2020-04-20,1133.361,370.8
2020-04-21,1119.229,374.42
2020-04-22,1135.849,373.18
2020-04-23,1149.716,379.8
2020-04-24,1144.153,382.78
2020-04-27,1138.1,380.14
2020-04-28,1113.513,377.1
2020-04-29,1102.698,378.74
2020-04-30,1166.348,380.28
2020-05-06,1247.513,380.08
2020-05-07,1224.105,378.18
2020-05-08,1240.246,383.38
2020-05-11,1226.061,381.74
2020-05-12,1233.592,380.88
2020-05-13,1247.034,381.86
2020-05-14,1242.169,384.46
2020-05-15,1270.481,390.16
2020-05-18,1254.299,401.16
2020-05-19,1324.418,394.5
2020-05-20,1306.998,398.72
2020-05-21,1251.931,395.06
2020-05-22,1230.659,394.38
2020-05-25,1212.087,393.54
2020-05-26,1272.661,395.34
2020-05-27,1253.272,391.2
2020-05-28,1232.22,394.18
2020-05-29,1246.111,394.42
2020-06-01,1300.741,398.0
2020-06-02,1305.637,396.96
2020-06-03,1294.28,393.04
2020-06-04,1299.803,389.74
2020-06-05,1297.306,390.18
2020-06-08,1280.053,386.28
2020-06-09,1278.507,386.3
2020-06-10,1269.978,390.4
2020-06-11,1273.59,393.7
2020-06-12,1262.29,393.62
2020-06-15,1249.909,392.54
2020-06-16,1289.135,392.4
2020-06-17,1291.117,392.86
2020-06-18,1302.371,392.18
2020-06-19,1325.147,392.94
2020-06-22,1371.207,397.5
2020-06-23,1407.193,396.96
2020-06-24,1424.277,400.06
2020-06-29,1401.644,400.14
2020-06-30,1447.886,400.72
2020-07-01,1439.878,403.1
2020-07-02,1437.052,399.06
2020-07-03,1438.585,400.54
2020-07-06,1538.402,399.66
2020-07-07,1572.189,400.32
2020-07-08,1599.905,402.36
2020-07-09,1666.85,404.94
2020-07-10,1654.827,401.88
2020-07-13,1721.976,403.74
2020-07-14,1701.583,403.02
2020-07-15,1612.035,403.62
2020-07-16,1469.798,402.12
2020-07-17,1443.397,399.76
2020-07-20,1459.034,401.78
2020-07-21,1490.171,404.54
2020-07-22,1497.231,414.22
2020-07-23,1494.139,416.52
2020-07-24,1389.305,420.4
2020-07-27,1374.519,430.06
2020-07-28,1400.535,429.94
2020-07-29,1476.925,431.38
2020-07-30,1472.792,428.94
2020-07-31,1512.977,432.86
2020-08-03,1622.813,431.4
2020-08-04,1566.055,431.96
2020-08-05,1588.622,444.06
2020-08-06,1573.869,447.56
2020-08-07,1526.804,449.72
2020-08-10,1535.597,446.38
2020-08-11,1491.841,436.94
2020-08-12,1458.643,417.16
2020-08-13,1468.229,416.74
2020-08-14,1484.041,420.3
2020-08-17,1496.4,424.44
2020-08-18,1512.509,433.94
2020-08-19,1472.021,429.16
2020-08-20,1442.579,418.28
2020-08-21,1447.714,419.48
2020-08-24,1450.667,415.54
2020-08-25,1427.705,416.5
2020-08-26,1383.305,415.66
2020-08-27,1417.559,420.54
2020-08-28,1413.637,420.4
2020-08-31,1423.236,422.68
2020-09-01,1426.651,426.98
2020-09-02,1422.953,422.6
2020-09-03,1402.144,415.3
2020-09-04,1390.284,416.54
2020-09-07,1356.699,416.36
2020-09-08,1344.613,416.56
2020-09-09,1298.079,416.5
2020-09-10,1280.189,419.46
2020-09-11,1312.512,418.34
2020-09-14,1348.07,418.44
2020-09-15,1364.603,419.8
2020-09-16,1349.672,418.64
2020-09-17,1383.59,415.62
2020-09-18,1403.899,416.92
2020-09-21,1397.746,417.04
2020-09-22,1390.086,407.58
2020-09-23,1423.904,400.9
2020-09-24,1394.926,396.58
2020-09-25,1364.025,401.06
2020-09-28,1338.952,400.14
2020-09-29,1389.963,405.9
2020-09-30,1418.796,406.1
2020-10-09,1465.959,405.36
2020-10-12,1490.575,410.02
2020-10-13,1497.596,408.54
2020-10-14,1488.67,404.04
2020-10-15,1453.789,403.62
2020-10-16,1438.528,404.98
2020-10-19,1412.148,404.9
2020-10-20,1426.181,403.58
2020-10-21,1396.977,404.66
2020-10-22,1376.581,404.86
2020-10-23,1336.527,403.58
2020-10-26,1356.107,401.56
2020-10-27,1385.745,405.3
2020-10-28,1406.075,405.36
2020-10-29,1412.055,399.78
2020-10-30,1393.91,397.1
2020-11-02,1400.912,400.68
2020-11-03,1449.007,402.6
2020-11-04,1458.896,404.28
2020-11-05,1475.375,404.22
2020-11-06,1441.474,408.3
2020-11-09,1485.148,407.42
2020-11-10,1441.965,396.54
2020-11-11,1395.51,395.64
2020-11-12,1413.294,394.98
2020-11-13,1436.887,396.88
2020-11-16,1446.951,396.64
2020-11-17,1430.809,396.18
2020-11-18,1419.226,393.64
2020-11-19,1435.925,392.0
2020-11-20,1430.72,392.18
2020-11-23,1418.102,392.8
2020-11-24,1412.747,383.32
2020-11-25,1388.364,379.24
2020-11-26,1385.31,380.22
2020-11-27,1387.769,381.14
2020-11-30,1385.483,371.34
2020-12-01,1404.238,374.2
2020-12-02,1408.488,379.64
2020-12-03,1410.829,383.7
2020-12-04,1404.866,384.46
2020-12-07,1406.194,383.38
2020-12-08,1398.73,389.18
2020-12-09,1365.038,387.0
2020-12-10,1360.184,383.26
2020-12-11,1362.961,382.78
2020-12-14,1375.064,382.82
2020-12-15,1363.183,385.66
2020-12-16,1345.133,388.4
2020-12-17,1363.36,390.5
2020-12-18,1361.108,393.58
2020-12-21,1388.669,398.36
2020-12-22,1358.619,392.76
2020-12-23,1376.595,391.44
2020-12-24,1348.013,393.04
2020-12-25,1349.793,395.0
2020-12-28,1339.007,395.78
2020-12-29,1337.47,393.86
2020-12-30,1362.911,393.7
2021-01-04,1422.125,400.04
2021-01-05,1425.16,402.32
2021-01-06,1415.022,402.88
2021-01-07,1381.942,399.06
2021-01-08,1378.74,396.06
2021-01-11,1390.655,385.0
2021-01-12,1405.223,387.42
2021-01-13,1407.415,387.54
2021-01-14,1447.267,385.3
2021-01-15,1447.583,387.9
2021-01-18,1481.249,386.82
2021-01-19,1443.921,387.72
2021-01-20,1481.453,388.82
2021-01-21,1482.285,392.72
2021-01-22,1486.308,390.9
2021-01-25,1498.595,389.0
2021-01-26,1478.451,390.14
2021-01-27,1458.372,387.94
2021-01-28,1421.587,386.3
2021-01-29,1421.962,388.34
2021-02-01,1421.481,392.64
2021-02-02,1438.059,389.5
2021-02-03,1410.147,385.1
2021-02-04,1394.097,382.26
2021-02-05,1368.8,377.86
2021-02-08,1382.482,381.0
2021-02-09,1427.682,385.6
2021-02-10,1437.025,385.66
2021-02-18,1429.74,374.18
2021-02-19,1427.907,372.46
2021-02-22,1389.916,376.66
2021-02-23,1390.527,380.66
2021-02-24,1365.637,379.6
2021-02-25,1349.711,375.94
2021-02-26,1325.587,369.5
2021-03-01,1358.141,367.94
2021-03-02,1352.044,361.74
2021-03-03,1359.398,363.5
2021-03-04,1324.158,360.34
2021-03-05,1329.839,356.6
2021-03-08,1275.456,360.36
2021-03-09,1230.137,359.04
2021-03-10,1232.735,362.9
2021-03-11,1267.301,365.88
2021-03-12,1261.325,360.76
2021-03-15,1223.39,363.86
2021-03-16,1220.367,364.56
2021-03-17,1236.541,366.2
2021-03-18,1241.31,369.24
2021-03-19,1231.292,367.66
2021-03-22,1242.756,365.7
2021-03-23,1236.474,366.8
2021-03-24,1221.447,366.24
2021-03-25,1219.71,367.22
2021-03-26,1256.664,366.24
2021-03-29,1250.77,366.44
2021-03-30,1248.342,361.5
2021-03-31,1248.332,357.38
2021-04-01,1266.745,364.98
2021-04-02,1299.92,369.98
2021-04-06,1296.62,367.3
2021-04-07,1298.785,369.1
2021-04-08,1291.857,370.08
2021-04-09,1271.443,371.96
2021-04-12,1243.496,369.18
2021-04-13,1241.398,365.8
2021-04-14,1254.71,369.54
2021-04-15,1264.158,369.54
2021-04-16,1274.702,372.86
2021-04-19,1299.007,375.5
2021-04-20,1290.503,372.1
2021-04-21,1286.855,375.98
2021-04-22,1305.181,376.4
2021-04-23,1311.827,375.2
2021-04-26,1314.907,373.14
2021-04-27,1311.913,373.48
2021-04-28,1324.236,371.4
2021-04-29,1324.055,372.68
2021-04-30,1322.24,370.76
2021-05-06,1310.125,376.28
2021-05-07,1263.897,380.4
2021-05-10,1254.486,381.76
2021-05-11,1258.107,381.54
2021-05-12,1270.908,382.44
2021-05-13,1275.477,380.68
2021-05-14,1300.535,382.96
2021-05-17,1328.917,387.3
2021-05-18,1321.641,389.96
2021-05-19,1326.143,390.3
2021-05-20,1329.791,390.4
2021-05-21,1315.207,390.4
2021-05-24,1330.872,391.66
2021-05-25,1370.121,389.82
2021-05-26,1364.037,393.4
2021-05-27,1397.769,390.96
2021-05-28,1386.039,391.38
2021-05-31,1442.668,394.38
2021-06-01,1460.543,396.9
2021-06-02,1426.847,389.98
2021-06-03,1414.534,387.5
2021-06-04,1431.522,382.62
2021-06-07,1433.565,385.32
2021-06-08,1419.075,387.9
2021-06-09,1427.321,387.7
2021-06-10,1450.404,386.46
2021-06-11,1436.276,389.92
2021-06-15,1448.2,382.66
2021-06-16,1406.47,382.24
2021-06-17,1473.512,375.66
2021-06-18,1494.701,371.62
2021-06-21,1528.127,371.94
2021-06-22,1523.363,373.44
2021-06-23,1534.301,374.02
2021-06-24,1504.808,371.94
2021-06-25,1534.85,371.4
2021-06-28,1562.98,372.16
2021-06-29,1562.078,370.8
2021-06-30,1588.217,367.5
2021-07-01,1579.804,371.78
2021-07-02,1538.158,372.64
2021-07-05,1575.894,373.88
2021-07-06,1532.792,377.46
2021-07-07,1570.028,377.3
2021-07-08,1610.775,376.62
2021-07-09,1583.714,377.78
2021-07-12,1601.606,377.0
2021-07-13,1590.977,378.8
2021-07-14,1556.72,379.5
2021-07-15,1560.704,382.48
2021-07-16,1525.234,381.48
2021-07-19,1514.181,377.84
2021-07-20,1522.627,380.68
2021-07-21,1565.638,379.28
2021-07-22,1582.132,376.3
2021-07-23,1563.49,378.02
2021-07-26,1556.979,379.04
2021-07-27,1545.289,375.84
2021-07-28,1518.703,379.9
2021-07-29,1588.465,381.16
2021-07-30,1591.219,382.5
2021-08-02,1599.474,377.84
2021-08-03,1564.193,377.82
2021-08-04,1605.894,378.66
2021-08-05,1604.807,378.04
2021-08-06,1586.673,375.9
2021-08-09,1574.438,365.6
2021-08-10,1588.195,363.92
2021-08-11,1578.789,363.52
2021-08-12,1586.501,367.16
2021-08-13,1552.781,368.04
2021-08-16,1547.931,371.24
2021-08-17,1509.247,375.02
2021-08-18,1507.989,375.4
2021-08-19,1546.11,374.28
2021-08-20,1529.086,375.5
2021-08-23,1564.111,374.88
2021-08-24,1578.031,377.68
2021-08-25,1542.776,375.54
2021-08-26,1497.338,373.96
2021-08-27,1480.314,377.78
2021-08-30,1471.455,379.04
2021-08-31,1441.174,378.84
2021-09-01,1424.664,379.12
2021-09-02,1399.482,378.92
2021-09-03,1400.89,378.54
2021-09-06,1438.995,380.96
2021-09-07,1438.569,379.42
2021-09-08,1412.723,374.96
2021-09-09,1402.191,373.2
2021-09-10,1426.814,375.5
2021-09-13,1384.434,373.3
2021-09-14,1396.669,373.82
2021-09-15,1384.521,374.82
2021-09-16,1351.425,371.76
2021-09-17,1349.685,367.86
2021-09-22,1355.281,372.52
2021-09-23,1363.787,369.26
2021-09-24,1375.0,366.78
2021-09-27,1368.691,367.86
2021-09-28,1354.096,364.22
2021-09-29,1345.77,364.48
2021-09-30,1368.716,362.78
2021-10-08,1364.458,367.54
2021-10-11,1349.771,366.16
2021-10-12,1319.39,368.22
2021-10-13,1344.763,368.1
2021-10-14,1347.268,373.24
2021-10-15,1363.164,372.58
2021-10-18,1352.575,367.58
2021-10-19,1366.791,368.76
2021-10-20,1373.593,367.66
2021-10-21,1362.405,369.54
2021-10-22,1368.136,371.08
2021-10-25,1380.309,370.14
2021-10-26,1376.126,371.64
2021-10-27,1361.817,368.92
2021-10-28,1356.375,372.56
2021-10-29,1396.195,370.48
2021-11-01,1404.208,368.78
2021-11-02,1405.641,371.26
2021-11-03,1399.55,368.04
2021-11-04,1410.742,366.58
2021-11-05,1396.738,371.74
2021-11-08,1400.795,375.9
2021-11-09,1420.509,377.46
2021-11-10,1420.452,377.46
2021-11-11,1437.15,383.36
2021-11-12,1440.157,383.6
2021-11-15,1432.599,382.2
2021-11-16,1421.275,384.02
2021-11-17,1436.158,382.26
2021-11-18,1423.97,383.54
2021-11-19,1444.784,382.74
2021-11-22,1479.988,379.14
2021-11-23,1476.253,371.78
2021-11-24,1472.225,369.76
2021-11-25,1468.072,369.78
2021-11-26,1459.932,372.7
2021-11-29,1471.229,371.42
2021-11-30,1475.713,370.24
2021-12-01,1456.483,368.74
2021-12-02,1429.5,367.0
2021-12-03,1444.834,365.92
2021-12-06,1405.771,368.68
2021-12-07,1389.437,367.88
2021-12-08,1415.374,368.28
2021-12-09,1434.522,366.72
2021-12-10,1435.703,365.62
2021-12-13,1445.707,368.14
2021-12-14,1439.469,368.52
2021-12-15,1424.9,364.36
2021-12-16,1425.929,368.08
2021-12-17,1399.06,372.78
2021-12-20,1363.956,372.34
2021-12-21,1374.65,369.72
2021-12-22,1375.03,368.9
2021-12-23,1375.968,372.78
2021-12-24,1358.73,373.56
2021-12-27,1355.636,373.44
2021-12-28,1369.619,374.46
2021-12-29,1356.214,372.58
2021-12-30,1375.56,370.8
2022-01-04,1364.99,371.74
2022-01-05,1333.335,373.1
2022-01-06,1320.935,370.64
2022-01-07,1305.492,368.14
2022-01-10,1318.267,368.56
2022-01-11,1294.404,371.94
2022-01-12,1316.353,373.92
2022-01-13,1294.653,374.92
2022-01-14,1312.292,374.58
2022-01-17,1338.317,372.52
2022-01-18,1342.356,371.76
2022-01-19,1324.089,373.06
2022-01-20,1306.023,378.4
2022-01-21,1290.406,378.22
2022-01-24,1307.742,377.2
2022-01-25,1277.004,377.92
2022-01-26,1276.362,378.58
2022-01-27,1240.554,371.58
2022-01-28,1229.224,370.1
2022-02-07,1233.618,372.14
2022-02-08,1204.054,374.8
2022-02-09,1210.286,376.58
2022-02-10,1188.197,377.4
2022-02-11,1169.59,375.24
2022-02-14,1169.442,381.7
2022-02-15,1203.124,385.58
2022-02-16,1197.562,379.84
2022-02-17,1207.821,383.54
2022-02-18,1204.371,386.64
2022-02-21,1193.601,386.0
2022-02-22,1183.982,390.72
2022-02-23,1231.077,387.58
2022-02-24,1214.989,396.04
2022-02-25,1240.878,391.42
2022-02-28,1249.585,389.02
2022-03-01,1239.019,389.14
2022-03-02,1230.278,394.5
2022-03-03,1209.819,393.2
2022-03-04,1203.089,394.64
2022-03-07,1169.983,403.3
2022-03-08,1137.075,412.2
2022-03-09,1129.647,417.16
2022-03-10,1153.358,404.0
2022-03-11,1161.21,404.78
2022-03-14,1126.282,402.5
2022-03-15,1093.433,394.46
2022-03-16,1125.485,391.04
2022-03-17,1142.713,395.44
2022-03-18,1144.321,395.9
2022-03-21,1152.326,394.76
2022-03-22,1134.318,397.16
2022-03-23,1144.089,394.72
2022-03-24,1134.57,399.02
2022-03-25,1106.863,401.7
2022-03-28,1090.734,397.68
2022-03-29,1079.933,395.54
2022-03-30,1112.519,394.74
2022-03-31,1091.059,394.34
2022-04-01,1089.195,396.26
2022-04-06,1058.493,394.5
2022-04-07,1036.074,394.94
2022-04-08,1027.244,396.04
2022-04-11,988.761,399.6
2022-04-12,994.438,401.78
2022-04-13,964.832,403.7
2022-04-14,975.574,404.32
2022-04-15,973.363,405.82
2022-04-18,1004.608,408.02
2022-04-19,989.933,405.1
2022-04-20,973.51,400.06
2022-04-21,957.717,405.06
2022-04-22,942.069,406.8
2022-04-25,884.305,404.42
2022-04-26,868.067,401.3
2022-04-27,906.433,400.9
2022-04-28,903.064,400.82
2022-04-29,947.151,405.82
2022-05-05,956.127,404.52
2022-05-06,942.227,403.6
2022-05-09,946.725,405.36
2022-05-10,972.141,402.3
2022-05-11,1002.456,399.94
2022-05-12,1013.063,404.24
2022-05-13,1010.804,399.66
2022-05-16,996.506,395.84
2022-05-17,1010.37,397.98
2022-05-18,1013.997,393.32
2022-05-19,1036.341,394.96
2022-05-20,1045.377,397.18
2022-05-23,1046.146,397.16
2022-05-24,996.648,398.08
2022-05-25,1006.523,398.84
2022-05-26,1004.256,400.36
2022-05-27,993.699,402.14
2022-05-30,1001.54,399.92
2022-05-31,1035.316,399.04
2022-06-01,1031.583,396.36
2022-06-02,1079.854,398.98
2022-06-06,1121.537,398.0
2022-06-07,1111.395,396.0
2022-06-08,1111.674,398.02
2022-06-09,1081.173,398.82
2022-06-10,1102.849,397.54
2022-06-13,1088.377,404.22
2022-06-14,1070.537,396.9
2022-06-15,1062.713,394.46
2022-06-16,1078.947,395.76
2022-06-17,1092.087,398.58
2022-06-20,1095.328,397.0
2022-06-21,1083.021,396.26
2022-06-22,1063.69,396.2
2022-06-23,1081.844,396.7
2022-06-24,1101.477,393.64
2022-06-27,1103.399,396.32
2022-06-28,1117.284,393.86
2022-06-29,1090.683,393.34
2022-06-30,1105.667,392.7
2022-07-01,1089.029,388.94
2022-07-04,1095.09,390.92
2022-07-05,1090.93,390.52
2022-07-06,1101.749,382.86
2022-07-07,1111.673,377.44
2022-07-08,1104.022,377.04
2022-07-11,1081.163,377.0
2022-07-12,1049.241,378.2
2022-07-13,1052.792,375.6
2022-07-14,1076.807,376.1
2022-07-15,1072.262,373.38
2022-07-18,1069.332,374.98
2022-07-19,1061.853,373.84
2022-07-20,1079.527,373.52
2022-07-21,1091.407,370.32
2022-07-22,1084.974,375.98
2022-07-25,1073.761,377.18
2022-07-26,1084.657,377.46
2022-07-27,1095.699,376.64
2022-07-28,1108.791,380.72
2022-07-29,1088.913,386.1
2022-08-01,1100.182,385.8
2022-08-02,1094.915,389.16
2022-08-03,1100.348,387.3
2022-08-04,1110.917,387.9
2022-08-05,1157.333,391.1
2022-08-08,1152.577,388.7
2022-08-09,1162.32,390.46
2022-08-10,1156.156,391.18
2022-08-11,1173.144,389.56
2022-08-12,1146.191,391.22
2022-08-15,1143.747,392.0
2022-08-16,1137.302,391.52
2022-08-17,1132.312,389.9
2022-08-18,1146.634,387.76
2022-08-19,1108.452,387.56
2022-08-22,1107.281,386.26
2022-08-23,1107.3,387.32
2022-08-24,1068.983,389.54
2022-08-25,1055.889,390.82
2022-08-26,1045.994,391.28
2022-08-29,1054.285,387.94
2022-08-30,1050.282,389.3
2022-08-31,1029.656,386.92
2022-09-01,1025.66,383.7
2022-09-02,1030.12,383.02
2022-09-05,1024.393,386.86
2022-09-06,1035.784,388.98
2022-09-07,1049.579,386.36
2022-09-08,1040.773,389.46
2022-09-09,1033.784,389.52
2022-09-13,1031.17,389.66
2022-09-14,1031.304,387.2
2022-09-15,1000.081,385.24
2022-09-16,998.518,383.6
2022-09-19,975.548,384.7
2022-09-20,985.151,385.84
2022-09-21,970.393,386.98
2022-09-22,975.869,386.04
2022-09-23,960.94,387.64
2022-09-26,961.829,384.38
2022-09-27,976.445,384.88
2022-09-28,956.188,385.9
2022-09-29,961.475,389.66
2022-09-30,939.376,390.82
2022-10-10,897.335,393.24
2022-10-11,892.739,392.72
2022-10-12,924.914,393.04
2022-10-13,926.52,393.0
2022-10-14,954.924,392.42
2022-10-17,963.224,390.28
2022-10-18,960.0,390.78
2022-10-19,949.498,390.18
2022-10-20,963.952,388.1
2022-10-21,967.98,387.46
2022-10-24,969.493,392.72
2022-10-25,971.334,393.82
2022-10-26,1003.255,393.62
2022-10-27,1004.909,392.7
2022-10-28,993.721,392.78
2022-10-31,1010.327,391.66
2022-11-01,1024.522,391.46
2022-11-02,1037.179,392.1
2022-11-03,1048.07,390.88
2022-11-04,1072.87,390.8
2022-11-07,1061.351,394.0
2022-11-08,1051.709,394.82
2022-11-09,1037.527,403.26
2022-11-10,1023.064,403.54
2022-11-11,1023.265,406.72
2022-11-14,1022.913,403.44
2022-11-15,1052.045,404.96
2022-11-16,1036.492,407.12
2022-11-17,1041.673,407.7
2022-11-18,1031.992,407.42
2022-11-21,1032.472,405.2
2022-11-22,1017.822,404.86
2022-11-23,1017.016,404.66
2022-11-24,1015.355,406.4
2022-11-25,999.988,407.6
2022-11-28,992.812,408.02
2022-11-29,1002.447,406.56
2022-11-30,1000.263,406.12
2022-12-01,1009.332,407.1
2022-12-02,1008.145,409.72
2022-12-05,1003.6,405.72
2022-12-06,1003.136,401.78
2022-12-07,1000.475,401.1
2022-12-08,997.315,402.44
2022-12-09,1001.686,403.46
2022-12-12,1004.622,403.3
2022-12-13,989.307,403.54
2022-12-14,984.219,408.1
2022-12-15,989.198,404.86
2022-12-16,978.361,402.9
2022-12-19,956.186,405.3
2022-12-20,952.767,405.42
2022-12-21,940.835,409.5
2022-12-22,930.805,409.86
2022-12-23,920.351,406.8
2022-12-26,951.11,407.24
2022-12-27,963.136,407.96
2022-12-28,957.274,408.6
2022-12-29,962.253,408.36
2022-12-30,959.905,410.72
2023-01-03,979.913,411.2
2023-01-04,972.378,413.26
2023-01-05,983.52,412.5
2023-01-06,991.095,409.54
2023-01-09,988.669,414.0
2023-01-10,990.315,413.7
2023-01-11,973.962,414.8
2023-01-12,974.194,414.58
2023-01-13,974.312,415.22
2023-01-16,992.613,417.28
2023-01-17,1003.677,419.0
2023-01-18,1006.746,418.4
2023-01-19,1023.651,419.66
2023-01-20,1029.135,423.5
2023-01-30,1031.61,422.68
2023-01-31,1014.358,419.48
2023-02-01,1026.398,421.58
2023-02-02,1031.68,424.86
2023-02-03,1033.87,419.34
2023-02-06,1024.426,413.8
2023-02-07,1020.166,412.62
2023-02-08,1010.694,412.7
2023-02-09,1036.861,413.52
2023-02-10,1024.538,410.76
2023-02-13,1024.036,413.08
2023-02-14,1022.669,412.74
2023-02-15,1024.217,411.66
2023-02-16,1005.18,411.48
2023-02-17,986.335,410.26
2023-02-20,998.832,412.3
2023-02-21,995.725,411.7
2023-02-22,989.653,412.94
2023-02-23,992.462,411.94
2023-02-24,990.632,413.14
2023-02-27,986.282,412.2
2023-02-28,990.467,412.64
2023-03-01,994.634,414.04
2023-03-02,988.894,413.62
2023-03-03,998.901,415.58
2023-03-06,1007.635,418.44
2023-03-07,990.575,418.82
2023-03-08,994.886,414.08
2023-03-09,998.303,414.02
2023-03-10,993.552,416.76
2023-03-13,998.907,420.42
2023-03-14,1013.391,426.36
2023-03-15,1007.304,426.54
2023-03-16,992.435,430.48
2023-03-17,1015.758,432.44
2023-03-20,1025.321,445.02
2023-03-21,1030.186,441.56
2023-03-22,1034.049,435.42
2023-03-23,1058.988,438.36
2023-03-24,1060.987,440.7
2023-03-27,1057.487,438.14
2023-03-28,1038.625,436.18
2023-03-29,1062.136,437.76
2023-03-30,1065.69,438.9
2023-03-31,1081.541,441.2
2023-04-03,1126.489,435.62
2023-04-04,1129.084,440.7
2023-04-06,1146.964,447.18
2023-04-07,1161.021,447.32
2023-04-10,1129.172,442.8
2023-04-11,1121.74,444.84
2023-04-12,1129.406,448.84
2023-04-13,1100.126,448.82
2023-04-14,1136.213,451.0
2023-04-17,1140.13,446.08
2023-04-18,1129.817,444.26
2023-04-19,1134.404,443.98
2023-04-20,1164.948,444.54
2023-04-21,1116.825,442.5
2023-04-24,1096.378,441.16
2023-04-25,1076.865,444.98
2023-04-26,1069.005,446.34
2023-04-27,1068.012,447.28
2023-04-28,1087.869,444.04
2023-05-04,1064.205,455.26
2023-05-05,1049.089,457.92
2023-05-08,1057.214,452.36
2023-05-09,1034.213,453.18
2023-05-10,1025.706,454.9
2023-05-11,1025.971,454.82
2023-05-12,1014.105,451.5
2023-05-15,1025.785,453.42
2023-05-16,1025.866,452.26
2023-05-17,1029.65,450.24
2023-05-18,1034.822,449.4
2023-05-19,1040.161,447.62
2023-05-22,1032.112,449.54
2023-05-23,1016.106,447.62
2023-05-24,1011.774,449.9
2023-05-25,1021.719,448.0
2023-05-26,1038.661,445.5
2023-05-29,1028.38,445.66
2023-05-30,1044.425,444.62
2023-05-31,1053.91,450.86
2023-06-01,1053.549,450.98
2023-06-02,1053.291,452.3
2023-06-05,1051.734,447.26
2023-06-06,1022.984,450.28
2023-06-07,1019.051,451.1
2023-06-08,1007.12,448.46
2023-06-09,1032.551,452.34
2023-06-12,1026.639,452.5
2023-06-13,1039.463,453.68
2023-06-14,1035.314,450.9
2023-06-15,1033.85,447.14
2023-06-16,1052.883,450.5
2023-06-19,1055.454,451.24
2023-06-20,1055.412,451.76
2023-06-21,1020.222,449.84
2023-06-26,1010.314,449.14
2023-06-27,1011.352,448.86
2023-06-28,1008.219,447.1
2023-06-29,1001.458,447.5
2023-06-30,1005.15,448.6
2023-07-03,1008.399,449.52
2023-07-04,1015.396,449.94
2023-07-05,1005.732,450.7
2023-07-06,1002.111,451.66
2023-07-07,991.849,450.82
2023-07-10,993.731,452.08
2023-07-11,1001.414,452.2
2023-07-12,984.981,452.12
2023-07-13,995.973,456.32
2023-07-14,991.559,454.0
2023-07-17,984.821,455.34
2023-07-18,980.019,456.94
2023-07-19,975.115,462.48
2023-07-20,961.13,461.96
2023-07-21,955.549,459.3
2023-07-24,950.552,459.1
2023-07-25,964.396,456.8
2023-07-26,961.597,458.68
2023-07-27,952.296,459.76
2023-07-28,962.645,456.3
2023-07-31,968.994,455.98
2023-08-01,969.683,457.58
2023-08-02,968.439,457.18
2023-08-03,970.373,455.04
2023-08-04,975.778,454.4
2023-08-07,968.898,455.64
2023-08-08,965.532,455.64
2023-08-09,957.369,455.36
2023-08-10,959.17,453.62
2023-08-11,938.765,455.56
2023-08-14,930.495,455.74
2023-08-15,917.45,455.86
2023-08-16,901.787,457.1
2023-08-17,910.378,456.86
2023-08-18,904.249,455.1
2023-08-21,892.093,457.08
2023-08-22,901.128,456.5
2023-08-23,879.459,457.88
2023-08-24,885.476,460.04
2023-08-25,870.399,458.5
2023-08-28,880.191,458.62
2023-08-29,916.455,460.14
2023-08-30,939.648,461.48
2023-08-31,942.613,463.16
2023-09-01,934.787,462.46
2023-09-04,942.428,464.38
2023-09-05,930.629,464.98
2023-09-06,934.604,464.24
2023-09-07,899.828,464.12
2023-09-08,901.506,466.84
2023-09-11,907.505,466.54
2023-09-12,901.622,466.76
2023-09-13,889.132,467.66
2023-09-14,880.802,472.0
2023-09-15,887.013,469.72
2023-09-18,879.534,467.32
2023-09-19,873.618,469.8
2023-09-20,866.023,471.38
2023-09-21,860.394,470.88
2023-09-22,882.878,470.48
2023-09-25,874.555,471.48
2023-09-26,876.051,470.6
2023-09-27,880.17,466.9
2023-09-28,887.8,459.5
2023-10-09,887.212,454.8
2023-10-10,882.044,450.58
2023-10-11,893.449,450.4
2023-10-12,899.984,453.66
2023-10-13,891.72,454.92
2023-10-16,874.026,461.2
2023-10-17,882.191,463.4
2023-10-18,869.762,467.94
2023-10-19,870.101,471.26
2023-10-20,861.809,476.68
2023-10-23,840.144,476.0
2023-10-24,850.614,475.2
2023-10-25,848.646,473.92
2023-10-26,849.309,476.66
2023-10-27,861.852,476.98
2023-10-30,878.129,478.12
2023-10-31,874.406,478.94
2023-11-01,869.918,477.18
2023-11-02,859.932,478.72
2023-11-03,875.373,478.2
2023-11-06,890.207,475.96
2023-11-07,891.456,474.0
2023-11-08,899.626,471.84
2023-11-09,893.798,468.9
2023-11-10,889.75,471.36
2023-11-13,896.551,469.98
2023-11-14,904.341,471.52
2023-11-15,902.18,472.98
2023-11-16,887.111,471.86
2023-11-17,891.38,473.44
2023-11-20,892.631,468.0
2023-11-21,884.895,466.98
2023-11-22,870.76,466.1
2023-11-23,877.77,465.46
2023-11-24,864.774,465.9
2023-11-27,868.03,470.08
2023-11-28,871.906,471.6
2023-11-29,862.036,475.46
2023-11-30,865.685,475.72
2023-12-01,867.537,475.78
2023-12-04,861.92,481.62
2023-12-05,845.8,475.0
2023-12-06,848.791,474.08
2023-12-07,847.476,474.88
2023-12-08,868.234,475.2
2023-12-11,878.516,471.6
2023-12-12,869.967,469.9
2023-12-13,861.251,469.02
2023-12-14,855.898,476.2
2023-12-15,847.507,475.46
2023-12-18,840.681,474.9
2023-12-19,845.859,475.9
2023-12-20,835.713,476.92
2023-12-21,847.817,477.02
2023-12-22,843.318,479.54
2023-12-25,837.222,480.8
2023-12-26,825.258,481.4
2023-12-27,830.057,482.6
2023-12-28,850.385,483.6
2023-12-29,852.005,481.7
2024-01-02,839.801,483.32
2024-01-03,829.772,483.58
2024-01-04,823.848,481.64
2024-01-05,807.729,482.38
2024-01-08,784.433,481.72
2024-01-09,782.926,481.02
2024-01-10,777.153,479.86
2024-01-11,789.864,480.24
2024-01-12,778.358,480.78
2024-01-15,773.405,483.58
2024-01-16,777.403,483.34
2024-01-17,757.045,479.66
2024-01-18,768.282,478.72
2024-01-19,765.47,480.36
2024-01-22,742.227,478.88
2024-01-23,749.743,479.18
2024-01-24,750.275,478.66
2024-01-25,765.791,476.84
2024-01-26,746.096,478.72
2024-01-29,725.308,480.04
2024-01-30,697.845,481.0
2024-01-31,684.852,481.58
2024-02-01,690.005,482.84
2024-02-02,673.407,484.82
2024-02-05,676.793,481.44
2024-02-06,720.8,480.66
2024-02-07,743.423,482.1
2024-02-08,751.504,483.54
2024-02-19,763.316,480.7
2024-02-20,754.702,480.42
2024-02-21,755.155,480.42
2024-02-22,762.382,480.06
2024-02-23,764.482,478.96
2024-02-26,768.488,481.54
2024-02-27,796.907,481.42
2024-02-28,771.592,481.28
2024-02-29,807.707,481.82
2024-03-01,815.487,483.8
2024-03-04,818.513,490.1
2024-03-05,817.772,497.36
2024-03-06,811.899,500.7
2024-03-07,794.239,505.88
2024-03-08,803.2,506.28
2024-03-11,818.439,508.3
2024-03-12,817.75,506.74
2024-03-13,814.932,505.62
2024-03-14,804.856,506.34
2024-03-15,808.674,508.16
2024-03-18,825.4,504.04
2024-03-19,811.774,505.22
2024-03-20,814.027,505.74
2024-03-21,806.138,515.7
2024-03-22,794.201,512.48
2024-03-25,781.646,513.42
2024-03-26,772.089,514.2
2024-03-27,752.821,516.42
2024-03-28,763.275,520.0
2024-03-29,762.742,531.3
2024-04-01,775.526,534.04
2024-04-02,768.787,534.74
2024-04-03,756.764,541.52
2024-04-08,740.665,554.74
2024-04-09,749.626,556.92
2024-04-10,735.734,558.78
2024-04-11,738.674,555.22
2024-04-12,738.43,570.5
2024-04-15,750.899,563.88
2024-04-16,733.147,567.0
2024-04-17,750.888,567.78
2024-04-18,745.695,565.52
2024-04-19,730.562,568.3
2024-04-22,731.811,558.42
2024-04-23,727.853,544.84
2024-04-24,738.635,551.0
2024-04-25,733.344,550.28
2024-04-26,752.25,554.58
2024-04-29,776.154,551.46
2024-04-30,767.464,549.5
2024-05-06,777.663,548.32
2024-05-07,769.792,549.82
2024-05-08,761.658,549.0
2024-05-09,778.873,548.1
2024-05-10,767.172,561.4
2024-05-13,763.69,557.62
2024-05-14,760.305,554.62
2024-05-15,749.474,559.02
2024-05-16,746.472,564.42
2024-05-17,754.418,564.86
2024-05-20,753.542,578.84
2024-05-21,748.235,572.22
2024-05-22,754.973,573.32
2024-05-23,742.396,559.72
2024-05-24,727.207,554.48
2024-05-27,738.653,555.78
2024-05-28,734.849,555.96
2024-05-29,734.333,559.7
2024-05-30,742.704,554.2
2024-05-31,743.228,556.86
2024-06-03,750.427,551.56
2024-06-04,753.638,556.24
2024-06-05,752.045,553.62
2024-06-06,743.229,562.14
2024-06-07,737.926,562.3
2024-06-11,755.835,544.78
2024-06-12,754.933,548.04
2024-06-13,758.982,548.44
2024-06-14,754.261,548.48
2024-06-17,757.106,549.46
2024-06-18,756.904,550.08
2024-06-19,751.688,552.4
2024-06-20,755.151,557.16
2024-06-21,758.374,559.74
2024-06-24,739.142,551.18
2024-06-25,717.749,552.16
2024-06-26,729.644,548.7
2024-06-27,715.357,545.4
2024-06-28,712.077,551.52
2024-07-01,709.603,551.42
2024-07-02,699.123,552.48
2024-07-03,701.785,555.7
2024-07-04,690.376,558.34
2024-07-05,698.849,559.66
2024-07-08,692.488,560.74
2024-07-09,709.888,558.66
2024-07-10,710.369,561.1
2024-07-11,718.04,565.46
2024-07-12,718.37,568.54
2024-07-15,715.864,568.34
2024-07-16,732.064,574.94
2024-07-17,729.002,581.56
2024-07-18,735.41,581.48
2024-07-19,749.471,565.94
2024-07-22,752.001,565.4
2024-07-23,721.108,562.6
2024-07-24,713.321,569.64
2024-07-25,713.883,555.68
2024-07-26,719.87,557.38
2024-07-29,707.597,561.24
2024-07-30,710.015,562.02
2024-07-31,743.374,566.28
2024-08-01,738.871,570.9
2024-08-02,725.66,574.04
2024-08-05,704.296,559.94
2024-08-06,713.864,554.18
2024-08-07,707.588,556.06
2024-08-08,708.923,556.1
2024-08-09,705.546,560.7
2024-08-12,707.331,565.3
2024-08-13,710.747,569.46
2024-08-14,700.93,568.22
2024-08-15,707.551,566.98
2024-08-16,705.224,567.74
2024-08-19,703.322,573.7
2024-08-20,693.523,574.24
2024-08-21,691.636,576.2
2024-08-22,685.531,574.46
2024-08-23,685.759,572.58
2024-08-26,682.499,576.2
2024-08-27,674.347,575.94
2024-08-28,671.22,575.16
2024-08-29,679.595,575.06
2024-08-30,694.164,574.06
2024-09-02,670.011,570.82
2024-09-03,674.955,572.12
2024-09-04,672.284,568.22
2024-09-05,671.265,572.04
2024-09-06,662.337,573.68
2024-09-09,654.939,569.22
2024-09-10,660.014,573.24
2024-09-11,664.332,576.12
2024-09-12,658.854,575.22
2024-09-13,655.046,583.58
2024-09-18,647.409,582.98
2024-09-19,651.466,582.2
2024-09-20,648.36,590.62
2024-09-23,643.042,595.14
2024-09-24,667.049,594.24
2024-09-25,667.338,598.36
2024-09-26,693.149,599.9
2024-09-27,740.016,599.42
2024-09-30,872.365,596.72
2024-10-08,1023.967,596.22
2024-10-09,997.852,588.56
2024-10-10,954.172,590.7
2024-10-11,898.899,597.38
2024-10-14,925.955,603.3
2024-10-15,898.827,603.64
2024-10-16,875.689,611.98
2024-10-17,879.096,614.26
2024-10-18,978.661,619.06
2024-10-21,1000.375,625.82
2024-10-22,985.834,626.5
2024-10-23,979.151,629.96
2024-10-24,977.601,624.54
2024-10-25,991.216,624.72
2024-10-28,986.56,626.58
2024-10-29,975.372,631.8
2024-10-30,958.822,638.62
2024-10-31,969.448,635.66
2024-11-01,939.765,629.72
2024-11-04,954.667,625.38
2024-11-05,996.169,625.02
2024-11-06,998.095,624.06
2024-11-07,1028.439,611.32
2024-11-08,1025.637,615.48
2024-11-11,1073.835,615.78
2024-11-12,1050.537,605.66
2024-11-13,1061.366,604.46
2024-11-14,1027.316,593.1
2024-11-15,986.876,593.3
2024-11-18,968.713,600.6
2024-11-19,998.015,609.84
2024-11-20,1002.539,610.6
2024-11-21,1011.463,617.7
2024-11-22,969.353,627.88
2024-11-25,957.921,619.16
2024-11-26,951.593,610.84
2024-11-27,985.975,616.46
2024-11-28,983.684,613.2
2024-11-29,1007.391,618.8
2024-12-02,1015.787,613.28
2024-12-03,1005.265,619.32
2024-12-04,999.358,618.22
2024-12-05,1001.844,618.4
2024-12-06,1014.446,615.94
2024-12-09,1003.382,619.12
2024-12-10,1010.911,621.44
2024-12-11,1007.188,627.06
2024-12-12,1010.895,631.38
2024-12-13,989.776,625.6
2024-12-16,975.268,619.72
2024-12-17,967.276,619.14
2024-12-18,981.513,618.5
2024-12-19,993.002,613.52
2024-12-20,1011.209,613.94
2024-12-23,998.607,620.14
2024-12-24,1014.017,617.58
2024-12-25,1017.357,619.0
2024-12-26,1027.023,619.74
2024-12-27,1018.579,620.22
2024-12-30,1020.633,617.66
2025-01-02,955.333,622.4
2025-01-03,941.819,627.96
2025-01-06,938.707,624.92
2025-01-07,965.53,625.02
2025-01-08,965.119,627.96
2025-01-09,961.439,631.3
2025-01-10,950.592,635.46
2025-01-13,952.186,637.14
2025-01-14,981.779,632.1
2025-01-15,977.661,636.84
2025-01-16,956.397,639.12
2025-01-17,965.903,640.68
2025-01-20,968.271,639.8
2025-01-21,976.296,639.78
2025-01-22,975.34,645.46
2025-01-23,966.106,646.2
2025-01-24,974.834,648.9
2025-01-27,955.09,647.54
2025-02-05,982.829,670.64
2025-02-06,1011.22,668.46
2025-02-07,1018.799,669.9
2025-02-10,1036.765,679.08
2025-02-11,1024.412,685.74
2025-02-12,1041.137,681.22
2025-02-13,1017.088,684.56
2025-02-14,1022.464,688.4
2025-02-17,1037.307,677.1
2025-02-18,1011.168,682.82
2025-02-19,1034.571,687.8
2025-02-20,1033.085,690.0
2025-02-21,1094.774,684.44
2025-02-24,1100.054,685.98
2025-02-25,1102.901,685.58
2025-02-26,1126.82,679.42
2025-02-27,1126.287,677.0
2025-02-28,1078.798,672.12
2025-03-03,1062.351,672.4
2025-03-04,1080.665,676.82
2025-03-05,1083.817,682.16
2025-03-06,1121.585,680.64
2025-03-07,1107.623,679.48
2025-03-10,1105.164,681.5
2025-03-11,1100.742,677.56
2025-03-12,1092.708,679.56
2025-03-13,1069.703,684.5
2025-03-14,1088.113,694.96
2025-03-17,1083.213,695.94
2025-03-18,1089.825,700.7
2025-03-19,1076.937,707.34
2025-03-20,1064.793,708.5
2025-03-21,1042.893,706.96
2025-03-24,1045.942,707.14
2025-03-25,1031.697,706.76
2025-03-26,1029.055,709.02
2025-03-27,1040.57,710.3
2025-03-28,1029.476,722.8
2025-03-31,1022.714,729.8
2025-04-01,1024.376,736.3
2025-04-02,1022.748,733.6
2025-04-03,1018.072,739.04
2025-04-07,924.173,718.18
2025-04-08,940.091,719.22
2025-04-09,980.569,728.14
2025-04-10,991.224,744.48
2025-04-11,1011.709,757.3
2025-04-14,1014.283,763.64
2025-04-15,1006.34,764.44
2025-04-16,1014.509,781.6
2025-04-17,1016.812,789.22
2025-04-18,1008.597,791.02
2025-04-21,1019.411,805.06
2025-04-22,1016.218,831.42
2025-04-23,1012.648,784.28
2025-04-24,1003.316,792.2
2025-04-25,1004.572,787.2
2025-04-28,1002.832,780.04
2025-04-29,1003.867,785.14
2025-04-30,1012.417,780.3
2025-05-06,1026.521,794.8
2025-05-07,1030.186,803.5
2025-05-08,1026.439,790.78
2025-05-09,1006.319,788.42
2025-05-12,1011.231,772.28
2025-05-13,1009.682,767.68
2025-05-14,1013.772,761.72
2025-05-15,1000.969,739.82
2025-05-16,995.237,751.8
2025-05-19,995.255,755.86
2025-05-20,997.677,754.38
2025-05-21,995.487,778.78
2025-05-22,990.711,780.1
2025-05-23,980.578,780.1
2025-05-26,982.261,777.3
2025-05-27,972.92,771.6
2025-05-28,970.64,772.28
2025-05-29,986.302,764.32
2025-05-30,977.027,771.8
2025-06-03,981.71,783.1
2025-06-04,986.111,782.42
2025-06-05,996.407,783.72
2025-06-06,991.642,783.24
2025-06-09,997.612,774.72
2025-06-10,982.904,775.06
2025-06-11,980.933,777.54
2025-06-12,977.973,785.16
2025-06-13,972.941,794.36
2025-06-16,970.891,792.3
2025-06-17,963.083,785.08
2025-06-18,968.179,785.42
2025-06-19,962.943,781.24
2025-06-20,957.872,778.58
2025-06-23,961.489,781.3
2025-06-24,978.714,771.86
2025-06-25,995.61,773.94
2025-06-26,989.972,775.28
2025-06-27,988.211,766.4
2025-06-30,1003.414,767.58
2025-07-01,994.795,776.1
2025-07-02,982.636,776.04
2025-07-03,984.949,781.28
2025-07-04,984.802,777.06
2025-07-07,978.293,771.3
2025-07-08,991.948,776.22
2025-07-09,983.111,766.82
2025-07-10,979.989,773.3
2025-07-11,994.448,773.56
2025-07-14,992.389,781.4
2025-07-15,996.246,780.4
2025-07-16,997.63,776.66
2025-07-17,1005.648,776.28
2025-07-18,1007.525,777.02
2025-07-21,1007.894,781.7
2025-07-22,1016.265,784.84
2025-07-23,1020.855,792.9
2025-07-24,1032.838,778.74
2025-07-25,1054.196,777.32
2025-07-28,1055.109,774.78
2025-07-29,1070.448,771.44
2025-07-30,1058.572,773.78
2025-07-31,1047.87,770.28
2025-08-01,1036.775,770.72
2025-08-04,1049.406,781.42
2025-08-05,1053.646,782.5
2025-08-06,1059.761,783.68
2025-08-07,1058.205,785.02
2025-08-08,1043.537,787.8
2025-08-11,1049.73,779.48
2025-08-12,1069.809,776.04
2025-08-13,1077.698,777.72
2025-08-14,1085.736,778.7
2025-08-15,1101.293,775.8
2025-08-18,1124.822,777.66
2025-08-19,1112.266,775.06
2025-08-20,1148.147,772.68
2025-08-21,1149.151,775.12
2025-08-22,1247.862,773.4
2025-08-25,1287.734,779.18
2025-08-26,1270.871,781.12
2025-08-27,1272.556,781.16
2025-08-28,1364.605,783.22
2025-08-29,1341.311,785.12
2025-09-01,1357.148,800.56
2025-09-02,1328.279,804.32
2025-09-03,1306.479,814.88
2025-09-04,1226.985,812.98
2025-09-05,1268.552,815.6
2025-09-08,1275.868,822.86
2025-09-09,1245.528,834.48
2025-09-10,1259.096,833.42
2025-09-11,1326.033,830.78
2025-09-12,1338.018,834.22
2025-09-15,1340.397,831.6
2025-09-16,1358.047,842.08
2025-09-17,1370.43,835.08
2025-09-18,1380.351,824.1
2025-09-19,1362.649,830.56
2025-09-22,1408.645,846.5
2025-09-23,1407.302,855.44
2025-09-24,1456.469,860.0
2025-09-25,1474.487,854.72
2025-09-26,1450.824,856.06
2025-09-29,1470.414,866.52
2025-09-30,1495.288,874.4
2025-10-09,1539.081,914.32
2025-10-10,1452.675,901.56
2025-10-13,1473.017,927.56
2025-10-14,1410.3,938.98
2025-10-15,1429.997,960.34
2025-10-16,1416.575,966.42
2025-10-17,1363.168,999.8
2025-10-20,1367.899,970.32
2025-10-21,1406.318,994.06
2025-10-22,1405.407,952.56
2025-10-23,1401.256,942.28
2025-10-24,1462.222,938.1
2025-10-27,1484.206,934.14
2025-10-28,1471.731,901.38
2025-10-29,1489.123,910.88
2025-10-30,1461.3,912.16
2025-10-31,1415.525,921.92
2025-11-03,1400.859,922.58
2025-11-04,1387.239,915.58
2025-11-05,1390.395,912.26
2025-11-06,1436.858,917.8
2025-11-07,1415.686,921.26
2025-11-10,1407.558,935.98
2025-11-11,1387.534,948.88
2025-11-12,1379.452,945.76
2025-11-13,1399.292,961.22
2025-11-14,1361.232,953.2
2025-11-17,1354.038,929.46
2025-11-18,1357.926,918.52
2025-11-19,1344.796,937.0
2025-11-20,1328.186,932.56
2025-11-21,1285.83,926.94
2025-11-24,1296.602,930.32
2025-11-25,1302.167,946.5
2025-11-26,1315.041,946.72
2025-11-27,1310.701,947.16
2025-11-28,1327.149,953.92
2025-12-01,1336.756,963.28
2025-12-02,1320.156,958.42
2025-12-03,1308.367,956.7
2025-12-04,1326.165,953.42
2025-12-05,1326.101,961.04
2025-12-08,1350.795,958.7
2025-12-09,1347.105,951.54
2025-12-10,1346.703,956.4
2025-12-11,1325.831,957.9
2025-12-12,1348.881,970.66
2025-12-15,1318.906,983.16
2025-12-16,1293.382,971.42
2025-12-17,1325.335,979.72
2025-12-18,1305.966,980.5
2025-12-19,1308.589,979.9
2025-12-22,1335.245,1000.86
2025-12-23,1340.015,1014.24
2025-12-24,1352.126,1014.68
2025-12-25,1349.058,1008.76
2025-12-26,1345.827,1016.3
2025-12-29,1346.319,1007.18
2025-12-30,1359.873,984.84
2026-01-05,1403.414,995.0
2026-01-06,1429.302,1004.98
2026-01-07,1443.388,998.9
2026-01-08,1455.173,997.94
2026-01-09,1475.968,1006.48
2026-01-12,1511.836,1026.28
2026-01-13,1469.57,1027.18
2026-01-14,1500.911,1040.62
2026-01-15,1493.945,1035.2
2026-01-16,1514.068,1032.32
2026-01-19,1506.857,1048.88
2026-01-20,1482.994,1060.16
2026-01-21,1535.393,1092.3
2026-01-22,1541.638,1087.58
2026-01-23,1553.707,1115.64
2026-01-26,1532.796,1143.32
2026-01-27,1555.978,1148.38
2026-01-28,1554.804,1186.2
2026-01-29,1507.64,1249.12
2026-01-30,1509.402,1161.42
2026-02-02,1450.898,1008.6
2026-02-03,1471.069,1093.78
2026-02-04,1453.476,1141.7
2026-02-05,1432.522,1105.76
2026-02-06,1422.406,1090.12
2026-02-09,1458.163,1125.94
2026-02-10,1471.498,1121.22
2026-02-11,1455.114,1130.4
2026-02-12,1480.995,1126.12
2026-02-13,1470.333,1110.1
2026-02-24,1465.365,1150.5
2026-02-25,1473.285,1151.06
2026-02-26,1485.865,1146.48
2026-02-27,1488.023,1147.9
2026-03-02,1464.772,1197.22
2026-03-03,1388.41,1182.0
2026-03-04,1381.558,1153.06
2026-03-05,1405.353,1152.0
2026-03-06,1414.394,1140.8
2026-03-09,1390.483,1140.0
2026-03-10,1420.539,1150.0
2026-03-11,1401.084,1151.98
2026-03-12,1383.652,1148.1
2026-03-13,1373.636,1133.0
2026-03-16,1384.987,1118.34
2026-03-17,1354.153,1116.2
2026-03-18,1372.576,1113.52
2026-03-19,1339.034,1062.0
2026-03-20,1318.307,1039.22
2026-03-23,1261.438,940.0
2026-03-24,1290.791,977.28
2026-03-25,1315.412,1013.96
2026-03-26,1288.807,995.98
2026-03-27,1300.756,998.66
2026-03-30,1289.78,1014.88
2026-03-31,1256.327,1020.1
2026-04-01,1298.198,1053.18
2026-04-02,1262.182,1023.78
2026-04-03,1256.21,1033.0
2026-04-07,1274.015,1034.28
2026-04-08,1352.689,1062.0
2026-04-09,1343.946,1041.32
2026-04-10,1364.495,1048.36
2026-04-13,1375.287,1043.4
2026-04-14,1405.072,1052.82
2026-04-15,1406.322,1058.24
2026-04-16,1422.228,1061.5
2026-04-17,1423.351,1054.02
2026-04-20,1450.521,1054.96
2026-04-21,1426.677,1051.7
2026-04-22,1451.139,1051.4
2026-04-23,1432.592,1040.06
2026-04-24,1453.685,1032.12
2026-04-27,1508.385,1039.42
2026-04-28,1488.661,1022.1
2026-04-29,1493.505,1011.88
2026-04-30,1571.065,1016.12
2026-05-06,1656.946,1028.48
2026-05-07,1678.887,1040.98
2026-05-08,1640.46,1038.22
2026-05-11,1716.691,1026.8
2026-05-12,1723.784,1030.12
2026-05-13,1770.147,1030.56
