w_stock,w_bond,w_gold,w_cash,entry_count,mean_return,median_return,mean_cagr,median_cagr,cagr_p10,cagr_p90,std_return,mean_maxdd,worst_maxdd,mean_sharpe,mean_calmar,best_return,worst_return,all_positive,positive_rate,win_rate_1m,win_rate_3m,win_rate_6m,win_rate_12m,win_rate_24m,version,version_label
0.1,0.5,0.1,0.3,4203,0.4282812125058706,0.401565006170671,0.0434714689168311,0.0424114045072814,0.0370755197766442,0.0598344779405148,0.2392081821791047,0.0386223065687854,0.0635426292093775,1.0796132718237914,1.1255534114569128,1.0413586511670363,-0.0146879868958467,0,0.9840590054722818,0.9890004782400764,0.9980676328502416,1.0,1.0,1.0,hongli_lowvol,红利低波
0.1,0.5,0.15,0.25,4203,0.5076693036898631,0.49425986907964,0.051696800022925,0.0490141796270049,0.0410174674271026,0.0763320129864747,0.2685031606838678,0.0479727969091605,0.0644459429366063,1.0937781812687752,1.0776273920575483,1.210895660299649,-0.0247444773822188,0,0.9838210801808231,0.9887613582018172,0.9978260869565218,1.0,1.0,1.0,hongli_lowvol,红利低波
0.1,0.5,0.2,0.2,4203,0.5897996744461447,0.589490395619362,0.0598479772658716,0.0560943628068584,0.0447798481729538,0.0929945750484366,0.2998505777468015,0.0603347602612594,0.0749452780568663,1.111856533233914,0.991931964372114,1.3899658942306603,-0.0348009678685925,0,0.9833452295979064,0.9882831181252988,0.997342995169082,1.0,1.0,1.0,hongli_lowvol,红利低波
0.15,0.5,0.2,0.15,4203,0.6232084380331061,0.6057329650963812,0.0613456448951303,0.05780093280214,0.0473126062658969,0.094035375107482,0.3302785607603509,0.0678249491824676,0.0934488105893073,1.1140655937174944,0.9044701932631576,1.5500407790324489,-0.0353313482579324,0,0.9833452295979064,0.9882831181252988,0.997342995169082,1.0,1.0,1.0,hongli_lowvol,红利低波
0.1,0.5,0.25,0.15,4203,0.6685409623442706,0.6824904560067198,0.0672706256885933,0.0628326572650415,0.0480987213548525,0.1080119414213937,0.3313741012790888,0.0752803925478223,0.0977195151676684,1.1230486291680557,0.8936008887820198,1.574187789540106,-0.0448574583549643,0,0.9828693790149892,0.9878048780487804,0.9968599033816424,1.0,1.0,1.0,hongli_lowvol,红利低波
0.15,0.5,0.25,0.1,4203,0.7035729742035731,0.6979531487604709,0.0687685271455294,0.0642011939995426,0.0507596039191477,0.1088244641451907,0.3630533716371003,0.079794666430834,0.1067055618117125,1.129704040911926,0.861818592914827,1.743736222292703,-0.0453878387443049,0,0.9826314537235308,0.9875657580105212,0.9966183574879228,1.0,1.0,1.0,hongli_lowvol,红利低波
0.2,0.5,0.25,0.05,4203,0.7384458948458911,0.7151862683232195,0.0702239018726468,0.0660486426124382,0.0531112288477583,0.1101063608650925,0.3952022015568337,0.086934685538117,0.1160822950293212,1.1330366193846877,0.8077777176965433,1.914581684105479,-0.0459182191336449,0,0.9814418272662384,0.9863701578192252,0.9958937198067632,1.0,1.0,1.0,hongli_lowvol,红利低波
0.1,0.5,0.3,0.1,4203,0.7522867183585483,0.780319262158802,0.0748834091368233,0.0697161400220363,0.051550788654865,0.1236636304236591,0.3655303574302854,0.0902867850595773,0.1200033390379352,1.1380346920228457,0.8293950115447152,1.7551682024666353,-0.0549139488413364,0,0.9823935284320724,0.987326637972262,0.9963768115942028,1.0,1.0,1.0,hongli_lowvol,红利低波
0.15,0.5,0.3,0.05,4203,0.7893054476915851,0.797878531459411,0.0764064795129897,0.0709217097763181,0.0540938647265458,0.1241990082684296,0.3986126103337145,0.0933951047819481,0.1287245303095235,1.147377554412388,0.8180994035113274,1.9498841257388648,-0.0554443292306768,0,0.9819176778491554,0.9868483978957436,0.9958937198067632,1.0,1.0,1.0,hongli_lowvol,红利低波
0.2,0.45,0.3,0.05,4203,0.8181083692719153,0.8078675395478254,0.0773847087766975,0.0719379188702609,0.0560851696010038,0.1246623709739589,0.4266179294080542,0.0992478037428192,0.1383676301043613,1.14406038013184,0.7797120526437485,2.1102412102051264,-0.0561032976002319,0,0.9816797525576968,0.9866092778574844,0.9956521739130436,1.0,1.0,1.0,hongli_lowvol,红利低波
0.1,0.5,0.35,0.05,4203,0.842273809558494,0.8863404772078922,0.082735260785469,0.0766818939383497,0.0552359128718912,0.1406457355010532,0.4033478015970303,0.1051461542914196,0.1421493107214092,1.15476172497229,0.7868595988414633,1.95717635819478,-0.0649704393277091,0,0.9819176778491554,0.9868483978957436,0.9958937198067632,1.0,1.0,1.0,hongli_lowvol,红利低波
0.15,0.45,0.35,0.05,4203,0.8731449765169023,0.8979679013817388,0.0837758514546699,0.0773265859494012,0.0571185037802946,0.1397073735346524,0.4323019458201971,0.1077106243858071,0.1510056590398714,1.1568131886460205,0.7777863319647509,2.158741832636796,-0.0656294076972634,0,0.9816797525576968,0.9866092778574844,0.9956521739130436,1.0,1.0,1.0,hongli_lowvol,红利低波
0.2,0.4,0.35,0.05,4203,0.903533082931166,0.9094216310563036,0.0847726580804385,0.0781384942066145,0.0591966464676305,0.1401334109449128,0.4615671885093357,0.1123711817370987,0.1603783029739485,1.156616979180886,0.7543985634926477,2.325390083860298,-0.0662883760668183,0,0.9814418272662384,0.9863701578192252,0.9954106280193236,1.0,1.0,1.0,hongli_lowvol,红利低波
0.1,0.45,0.4,0.05,4203,0.9265257720261868,0.9906762811893424,0.0901314683884363,0.0831984579247571,0.0580109448663357,0.1570536899329707,0.4357675847137341,0.1199292647636929,0.1642007644414008,1.160864404470182,0.7515385720577059,2.149653163549374,-0.0751555177942954,0,0.9816797525576968,0.9866092778574844,0.9956521739130436,1.0,1.0,1.0,hongli_lowvol,红利低波
0.15,0.4,0.4,0.05,4203,0.9585730341642684,1.0038560678551245,0.0911736329440583,0.0839090299818183,0.0598650331613503,0.1557620925588944,0.4653273114315975,0.122288957442199,0.1726681801850887,1.1645889190369405,0.7455590010009886,2.3577470287482023,-0.0758144861638495,0,0.9814418272662384,0.9863701578192252,0.9954106280193236,1.0,1.0,1.0,hongli_lowvol,红利低波
0.2,0.35,0.4,0.05,4203,0.99043710301336,1.01704733965662,0.092181783896819,0.0845706147841263,0.0618833335783862,0.1560374064253528,0.4956677315892117,0.1257134692287919,0.1815789932156036,1.166505594898601,0.7332689525022413,2.5383060247083384,-0.0764734545334039,0,0.98120390197478,0.986131037780966,0.9951690821256038,1.0,1.0,1.0,hongli_lowvol,红利低波
0.25,0.3,0.4,0.05,4203,1.053037799697272,1.0324109500782566,0.0940843510072267,0.086610305176132,0.0664058791369468,0.1562668621878186,0.5620278221217095,0.1279130515593013,0.1909039782614223,1.1872880115645716,0.7355336289792805,2.8570531274859747,-0.0771324229029591,0,0.9804901261004044,0.9854136776661884,0.994927536231884,0.9997547216090262,1.0,1.0,hongli_lowvol,红利低波
0.3,0.25,0.4,0.05,4203,1.0819189129110955,1.0466735878172957,0.0949180595817029,0.0880297374207699,0.0679007789181319,0.1572373354915663,0.5922716708380387,0.1326647277131769,0.1999447238850873,1.1831163446410888,0.7154732174698097,3.0605176890839427,-0.0777913912725133,0,0.9800142755174877,0.98493543758967,0.9944444444444444,0.9995094432180524,1.0,1.0,hongli_lowvol,红利低波
0.3500000000000001,0.2,0.4,0.05,4203,1.106183170766861,1.056678626195461,0.0956097867842948,0.0897220941718583,0.0690081207065241,0.1581914627400643,0.6167502152398018,0.1391878680639699,0.2099835313711381,1.1756462331462525,0.6869117841531497,3.2415287913420103,-0.0784503596420688,0,0.9795384249345706,0.9844571975131516,0.9939613526570048,0.9995094432180524,1.0,1.0,hongli_lowvol,红利低波
0.4000000000000001,0.15,0.4,0.05,4203,1.1339017931480018,1.0697331705166215,0.0963851605956817,0.0917135173856151,0.0700828426734746,0.1588401659694622,0.6456936434361923,0.1485360739228466,0.2199801909465264,1.1696642369299102,0.6489006882311071,3.4372962773535747,-0.0791093280116234,0,0.9790625743516536,0.9839789574366332,0.9934782608695653,0.9995094432180524,1.0,1.0,hongli_lowvol,红利低波
0.45,0.1,0.4,0.05,4203,1.165247713951952,1.0758501800549831,0.0972390735754267,0.0937246341704127,0.0715377815728124,0.15970442414386,0.6797670273088141,0.1579933004046898,0.2322186520712853,1.164947831717228,0.6154632717106047,3.659007520022083,-0.0797682963811775,0,0.9783487984772782,0.9832615973218556,0.9927536231884058,0.9995094432180524,1.0,1.0,hongli_lowvol,红利低波
0.5000000000000001,0.05,0.4,0.05,4203,1.1936629467721922,1.081681913246221,0.0979935424990953,0.0952204539893726,0.0725868620095384,0.1604754670520691,0.7110913996165802,0.1674301483428055,0.2545671374728998,1.158064563009742,0.5852801509705293,3.8774061374658233,-0.0804272647507327,0,0.9776350226029028,0.982544237207078,0.9920289855072464,0.9995094432180524,1.0,1.0,hongli_lowvol,红利低波
0.2,0.2,0.3,0.3,5897,1.5685085097695393,1.240403170919549,0.08103831099828,0.0748363696354852,0.0644378945011804,0.13814547332381,1.1703926731398804,0.1319487024014358,0.1508656966614532,1.2738888674404962,0.6141652742573555,4.633772611272217,-0.045301387214652,0,0.9850771578768864,0.9885976855003404,0.993657867672266,1.0,1.0,1.0,sp500,标普500
0.25,0.2,0.25,0.3,5897,1.5994284597530837,1.2749052999904609,0.0819560428185811,0.0749229368177082,0.068103641474286,0.1346152277867094,1.1695147125470986,0.1344603031278947,0.1533629149656378,1.3969085586647605,0.6095185040645558,4.584611156632352,-0.032435880700992,0,0.9866033576394776,0.9901293396868618,0.9948577305450804,1.0,1.0,1.0,sp500,标普500
0.3,0.2,0.2,0.3,5897,1.7081738246698863,1.3837444333266853,0.0847056930356843,0.077465988057864,0.0729194470260121,0.1303616940636421,1.233199557482222,0.1394023667742693,0.1607190621652499,1.579216924484392,0.6076345401857213,4.801365157230535,-0.0196749747966407,0,0.988977446159064,0.9925119128658952,0.9955433664724032,1.0,1.0,1.0,sp500,标普500
0.2,0.2,0.35,0.25,5897,1.7373542215928928,1.3422611685734194,0.0870980287123531,0.0798387278989389,0.0673402501416253,0.1525468638088928,1.3194259947573082,0.1425144028514225,0.166596586720291,1.265256650250854,0.6111524657838028,5.283106234060113,-0.0546060134248154,0,0.9843988468712904,0.9879169503063308,0.9934864586904354,1.0,1.0,1.0,sp500,标普500
0.2,0.15,0.35,0.3,5897,1.726729900231216,1.3663553072485404,0.0880048243250804,0.0792164200360476,0.0673716338316335,0.1544882501391772,1.27562644361552,0.1330309861154424,0.1667330728184772,1.2796413865843668,0.6615362848525466,5.143093933783,-0.0523570084760747,0,0.9845684246226896,0.9880871341048332,0.9934864586904354,1.0,1.0,1.0,sp500,标普500
0.25,0.15,0.3,0.3,5897,1.7693604935534548,1.4251507033329252,0.08894401988933,0.0796958229427222,0.0712184485662807,0.1502607289143659,1.289512863837479,0.1319875293303759,0.1693201434634762,1.3984074179986663,0.6738819973415495,5.14503607286757,-0.0394915019624126,0,0.9855858911310836,0.9891082368958476,0.9940006856359274,1.0,1.0,1.0,sp500,标普500
0.3,0.2,0.25,0.25,5897,1.881851391521116,1.5111106992967525,0.0906151782253833,0.0821226939652395,0.076312538367522,0.1439467231460556,1.3809505183870163,0.147051702001626,0.1739322589565406,1.5501288481328312,0.6162130529055783,5.435672893617806,-0.0288750003974942,0,0.9871120908936748,0.9906398910823688,0.9950291395269112,1.0,1.0,1.0,sp500,标普500
0.2,0.15,0.4,0.25,5897,1.8819188449986557,1.4781798834730535,0.0938746601765638,0.0832871611250047,0.0701156856486037,0.1691034715757999,1.399637663181794,0.1445863840065827,0.1818640134409958,1.2636883152042515,0.649263489239,5.719497936548579,-0.0616616346862379,0,0.9838901136170934,0.9874063989108236,0.9933150497086048,1.0,1.0,1.0,sp500,标普500
0.2,0.1,0.4,0.3,5897,1.8741119263405936,1.504560534782842,0.0948638309238527,0.0827724810806602,0.0704597477740793,0.171267493058851,1.3564153411923996,0.1355636505050294,0.1824244324087681,1.275821394663273,0.6997733579056523,5.578548526397679,-0.0599476459320564,0,0.9843988468712904,0.9879169503063308,0.9934864586904354,1.0,1.0,1.0,sp500,标普500
0.25,0.1,0.35,0.3,5897,1.92939502068452,1.571623847699794,0.0957189194290037,0.0839542509303588,0.0742173266586888,0.1663532559275147,1.3932140106604922,0.132793770402982,0.1850760039130813,1.3879992207224938,0.7208088085648205,5.663216265377458,-0.0475070277598093,0,0.9850771578768864,0.9885976855003404,0.993657867672266,1.0,1.0,1.0,sp500,标普500
0.3,0.2,0.3,0.2,5897,2.063463058300742,1.6472601945641232,0.0964433346710259,0.0870696133427415,0.0793436442470604,0.157923402890415,1.5413547486797865,0.1549868505745534,0.1864822186323471,1.5200941772062468,0.6222678524887743,6.128812827342236,-0.038179626607657,0,0.9866033576394776,0.9901293396868618,0.9948577305450804,1.0,1.0,1.0,sp500,标普500
0.3,0.1,0.3,0.3,5897,1.965364049211611,1.617507870715023,0.0964905926846367,0.0855929640588399,0.0772447892356707,0.1619460126181183,1.3986106060854633,0.136056926951671,0.1964357806261548,1.5031067920722143,0.7091927977978758,5.653568632010712,-0.0350664095875611,0,0.9867729353908768,0.9902995234853642,0.9948577305450804,1.0,1.0,1.0,sp500,标普500
0.25,0.25,0.4,0.1,5897,2.129692350107433,1.5993906398914035,0.0985773181880166,0.0895226162935758,0.0759274349038805,0.1746931414038131,1.6830220092689656,0.171581212791238,0.1976977108949883,1.3262849747680774,0.574522796432003,6.810697552779499,-0.0625987642802224,0,0.9843988468712904,0.9879169503063308,0.9933150497086048,1.0,1.0,1.0,sp500,标普500
0.25,0.2,0.4,0.15,5897,2.1250517389656878,1.6280236708814235,0.09967234912568,0.0891524666071628,0.0761470976277797,0.1767876287771572,1.6408031814724573,0.1617700154267135,0.1981397194029853,1.3419661346718357,0.6161361168370196,6.6717609775627125,-0.0603497593314805,0,0.9849075801254876,0.988427501701838,0.9934864586904354,1.0,1.0,1.0,sp500,标普500
0.25,0.15,0.4,0.2,5897,2.1177865608259934,1.6561792617131896,0.1006797045064881,0.088632653597436,0.0765326417644565,0.1787762738083829,1.596720482183298,0.1525928496814089,0.1989718611937616,1.355399866779625,0.6597930683953562,6.525769830230117,-0.0581007543827405,0,0.9849075801254876,0.988427501701838,0.9934864586904354,1.0,1.0,1.0,sp500,标普500
0.25,0.1,0.4,0.25,5897,2.110430308435641,1.6852877889648492,0.1017025793249562,0.0883176516036601,0.0768083074083449,0.1808816280823636,1.5521972220669686,0.143907044204063,0.1998033825221311,1.3671234505378358,0.7067241210287104,6.378418987072941,-0.0570795034265745,0,0.9850771578768864,0.9885976855003404,0.993657867672266,1.0,1.0,1.0,sp500,标普500
0.3,0.2,0.35,0.15,5897,2.259363036769288,1.7900813222178251,0.1024303278088107,0.0917460642166976,0.0822536266218116,0.1721212648385877,1.7190359641080233,0.1630235925589472,0.2008721464391576,1.4924811488432814,0.628315976853309,6.915014830114487,-0.0474842528178208,0,0.9854163133796846,0.9889380530973452,0.9938292766540968,1.0,1.0,1.0,sp500,标普500
0.25,0.05,0.4,0.3,5897,2.131526353990136,1.710582603506451,0.1030264538062485,0.0887034721899433,0.0772605818048573,0.1827753173589633,1.5473691410401564,0.1366230995345347,0.2020282423404911,1.384883006510119,0.7540924935625999,6.358620090783789,-0.0561897139116706,0,0.9850771578768864,0.9885976855003404,0.993657867672266,1.0,1.0,1.0,sp500,标普500
0.3500000000000001,0.2,0.3,0.15,5897,2.2932442225418987,1.8258884568434897,0.1030598402120186,0.0930245037831298,0.0849458033312705,0.1674428980482952,1.7195629692804395,0.1683071543366117,0.2107255621375846,1.6068105785744635,0.6123319036450496,6.893918941074239,-0.0346187463041599,0,0.9871120908936748,0.9906398910823688,0.9950291395269112,1.0,1.0,1.0,sp500,标普500
0.3,0.05,0.35,0.3,5897,2.1714748949760003,1.782893280114605,0.103755262687252,0.0908006396816367,0.0806093645236966,0.17815461729792,1.5549440618915622,0.1386478288666686,0.2138819815026777,1.4930420361303487,0.7483367286409426,6.344827926907338,-0.0437490957394222,0,0.9860946243852806,0.9896187882913546,0.9945149125814192,1.0,1.0,1.0,sp500,标普500
0.3,0.25,0.4,0.05,5897,2.4878213074937965,1.9041636588624868,0.1076530417966,0.096638295792887,0.0851326612451817,0.1845836242776218,1.9721560625527328,0.1819424503532892,0.2146802071010572,1.4572858000474245,0.5916873252369816,7.985835888968795,-0.0590378839767244,0,0.9850771578768864,0.9885976855003404,0.993657867672266,1.0,1.0,1.0,sp500,标普500
0.3,0.2,0.4,0.1,5897,2.474805880074198,1.93173536583188,0.1086196163086026,0.0965009263512863,0.0853048901487568,0.1868117336831949,1.9192811472220128,0.171074376305484,0.2155058445570164,1.4695003726375104,0.6349262739069865,7.80344730524207,-0.056788879027983,0,0.9850771578768864,0.9885976855003404,0.993657867672266,1.0,1.0,1.0,sp500,标普500
0.3,0.1,0.4,0.2,5897,2.3836876850657496,1.8821950151429456,0.1087745449800762,0.0949647204664825,0.0832451982870654,0.1907706462340311,1.7874894513907045,0.1538029552695073,0.2213189660975558,1.45836583714444,0.7072331268893484,7.316691564955224,-0.0542113609210909,0,0.9852467356282856,0.9887678692988427,0.993657867672266,1.0,1.0,1.0,sp500,标普500
0.3500000000000001,0.2,0.35,0.1,5897,2.505263898415396,1.9793062629492095,0.1091225930820466,0.0977143606987118,0.0879577882977468,0.1822880538046188,1.913909485351962,0.1762478084184543,0.2229738117538795,1.574685348828416,0.6191429786347389,7.737062290793212,-0.0439233725143232,0,0.9862642021366796,0.989788972089857,0.99468632156325,1.0,1.0,1.0,sp500,标普500
0.3,0.05,0.4,0.25,5897,2.374600001748383,1.9077649659354623,0.1097834418905408,0.0948873267045027,0.0837073420361665,0.1927247708976226,1.7388790038202289,0.1480701338458943,0.2261947566151169,1.4676000050043327,0.7414286665317613,7.151388905396065,-0.0533215714061863,0,0.9854163133796846,0.9889380530973452,0.9938292766540968,1.0,1.0,1.0,sp500,标普500
0.3500000000000001,0.15,0.35,0.15,5897,2.492921813424806,2.009358563255694,0.1100924289324485,0.0982347799473795,0.0879581745260371,0.1843221793516488,1.8625286030638823,0.1666675053532744,0.2275946169145841,1.585663714548546,0.6605512496217703,7.570298810142395,-0.0426605322637484,0,0.9866033576394776,0.9901293396868618,0.9948577305450804,1.0,1.0,1.0,sp500,标普500
0.3500000000000001,0.1,0.35,0.2,5897,2.4856762785065967,2.0417333747337367,0.111169415099144,0.0987407550155856,0.0881140679723058,0.1864693974838822,1.8143317769382368,0.1579075206498745,0.2323095671721182,1.5970404762695218,0.7040159622646345,7.419931153623967,-0.0417707427488436,0,0.9867729353908768,0.9902995234853642,0.9948577305450804,1.0,1.0,1.0,sp500,标普500
0.3500000000000001,0.2,0.4,0.05,5897,2.754840410911177,2.1512181751551456,0.1159547303526827,0.1027931504988151,0.0914648925495702,0.1989393905763046,2.143717569245894,0.1842205359432895,0.2350564396676451,1.548812518021657,0.6294343340113735,8.748602175904523,-0.0532279987244865,0,0.9854163133796846,0.9889380530973452,0.9938292766540968,1.0,1.0,1.0,sp500,标普500
0.3500000000000001,0.15,0.4,0.1,5897,2.7389629569527547,2.1804652768038357,0.1169072750482073,0.1030532590074726,0.0913734123335388,0.2008651482905564,2.085254697999932,0.1745724415816054,0.2396485521416384,1.5579627182746287,0.6696777222626973,8.54375218994064,-0.0522330079305132,0,0.9854163133796846,0.9889380530973452,0.9938292766540968,1.0,1.0,1.0,sp500,标普500
0.3500000000000001,0.1,0.4,0.15,5897,2.767397582860976,2.206681300752996,0.1182469128354581,0.1040378474233976,0.0918499289646457,0.2030496227101756,2.087577923543437,0.1668385172994199,0.2443197033036966,1.5753650953427678,0.708750681494274,8.549004809373487,-0.0513432184156087,0,0.9855858911310836,0.9891082368958476,0.9940006856359274,1.0,1.0,1.0,sp500,标普500
0.3500000000000001,0.05,0.4,0.2,5897,2.742492096153078,2.2299354654295493,0.1190753046775643,0.1038425451351685,0.0918203274579424,0.2051480168896229,2.018625609645316,0.1608170994966959,0.2491240202669438,1.579244518624436,0.740439325483611,8.319564502707605,-0.0504534289007049,0,0.9859250466338816,0.9894486044928524,0.9943435035995888,1.0,1.0,1.0,sp500,标普500
0.4000000000000001,0.05,0.35,0.2,5897,2.813817264048379,2.261075170966785,0.1193326489447508,0.106115374636839,0.0943380488418118,0.1984053032080337,2.089225099747266,0.1669143242583573,0.2588920457745072,1.6955213839886096,0.7149335413540812,8.575070157378022,-0.0380128107284566,0,0.9872816686450736,0.9908100748808714,0.9950291395269112,1.0,1.0,1.0,sp500,标普500
0.4000000000000001,0.15,0.4,0.05,5897,3.0769919900043314,2.3944125895645394,0.1239970105903939,0.1096993084696296,0.097695135953612,0.2112752936211811,2.397307225221373,0.188123321180776,0.2614950839180029,1.6398058834340232,0.6591262040884329,9.827524835225132,-0.04936486542503,0,0.9866033576394776,0.9901293396868618,0.9948577305450804,1.0,1.0,1.0,sp500,标普500
0.4000000000000001,0.1,0.4,0.1,5897,3.1084883721117,2.4229204282533323,0.1253210878896904,0.1105931957316375,0.0983289898662091,0.2130756650884799,2.409283428005197,0.1790570445068045,0.2660526806811449,1.655933174104662,0.6998947638998251,9.88889754366032,-0.0484750759101255,0,0.9867729353908768,0.9902995234853642,0.9948577305450804,1.0,1.0,1.0,sp500,标普500
0.4000000000000001,0.05,0.4,0.15,5897,3.086117718258594,2.4532317317912797,0.1262714097799703,0.1107803421748701,0.0982522030870746,0.2151731308981674,2.337546091680881,0.1742734944876545,0.2706160447293748,1.661138236540196,0.7245588903303672,9.653970902077612,-0.0475852863952215,0,0.9867729353908768,0.9902995234853642,0.9948577305450804,1.0,1.0,1.0,sp500,标普500
0.45,0.05,0.35,0.15,5897,3.134814529939816,2.4967327413163334,0.1268083362184273,0.1129610127969937,0.1000541793597936,0.2106724688984749,2.353559934615113,0.181048361599617,0.2795629418126978,1.7663034478067745,0.7004113989104198,9.7226750038312,-0.0351446682229731,0,0.988299135153468,0.9918311776718856,0.9953719574905724,1.0,1.0,1.0,sp500,标普500
0.45,0.1,0.4,0.05,5897,3.4153326777098165,2.647354324859591,0.1319511278485388,0.1166113999533522,0.1040119261212958,0.2232823631914084,2.66832037316474,0.1922496109220375,0.2870899036093168,1.7207974523763476,0.6863531593936418,11.044441423938649,-0.0456069334046431,0,0.9869425131422758,0.9904697072838666,0.9948577305450804,1.0,1.0,1.0,sp500,标普500
0.45,0.05,0.4,0.1,5897,3.3932638606256083,2.6752014393304626,0.1328828683299823,0.117054523602375,0.1034904149908592,0.2252820269551925,2.5976336136024143,0.1883192208207685,0.2913644159224711,1.7249534849754404,0.7056256273301633,10.8054445028121,-0.0447171438897386,0,0.9869425131422758,0.9904697072838666,0.9948577305450804,1.0,1.0,1.0,sp500,标普500
0.5000000000000001,0.05,0.35,0.1,5897,3.4591611045128183,2.726274602608625,0.1335397715257907,0.1191316695400301,0.1052900918143906,0.2203613473632518,2.6307011208947397,0.1951478151490591,0.3010687802369095,1.8304560356914583,0.6843006232162501,10.93006923550304,-0.0324069597267391,0,0.9888078684076648,0.9923417290673928,0.9955433664724032,1.0,1.0,1.0,sp500,标普500
0.5000000000000001,0.05,0.4,0.05,5897,3.74264206924761,2.919336142204883,0.1396936639288534,0.1235290981201171,0.1089020597117396,0.2355429417190633,2.9023813350241623,0.2022920356657934,0.3120495604976296,1.7889111186794835,0.6905544425863669,12.144316724144955,-0.0418490013842559,0,0.9877904018992708,0.9913206262763784,0.9952005485087418,1.0,1.0,1.0,sp500,标普500
0.1,0.2,0.4,0.3,5107,1.2879860597837314,1.212029884853385,0.0899329998596473,0.078722763295312,0.0623795673509417,0.1691848812177762,0.8340890996936132,0.1525948002747858,0.1707846582570154,1.2019069805421438,0.5893582199242706,3.501933164136565,-0.0491282970776447,0,0.9841394164871744,0.9882029099488792,0.9938540840602696,1.0,1.0,1.0,nasdaq,纳指100
0.15,0.15,0.4,0.3,5107,1.542980527084933,1.4999832584338564,0.1031402463292415,0.0918706422675432,0.0721250594519788,0.186336034873877,0.9968359513677466,0.1519054437461361,0.174845590528528,1.3903019058641246,0.678976630367567,4.105997454400462,-0.0367652807561581,0,0.9884472292931272,0.9925285096342902,0.9956383822363204,1.0,1.0,1.0,nasdaq,纳指100
0.2,0.15,0.35,0.3,5107,1.6910131923930718,1.6329766544189024,0.1093212975079392,0.0965308484946005,0.078891490789508,0.1864759752763155,1.1234146541968617,0.163962898211224,0.1834893414851013,1.5213823195942175,0.6667441152882458,4.481429206315936,-0.0296053651770256,0,0.9956921871940474,0.9996067636649626,0.999603489294211,1.0,1.0,1.0,nasdaq,纳指100
0.2,0.1,0.4,0.3,5107,1.8632974479244064,1.81810667420846,0.1172086166681063,0.1056017747832884,0.0824896384344557,0.2029627587144392,1.2364099753414812,0.1590393258383501,0.1923602364172545,1.544726846225421,0.7369788324382038,5.007449319023175,-0.0309539298400352,0,0.9945173291560604,0.9986236728273692,0.9990087232355274,1.0,1.0,1.0,nasdaq,纳指100
0.25,0.1,0.35,0.3,5107,2.0036406569184826,1.9523356039570885,0.1228071897797626,0.1096884167596603,0.0892943284286384,0.2030647760084035,1.3476708931292425,0.1714092008881241,0.2053128090909048,1.5905872450119878,0.7164562295574598,5.254004122701573,-0.0334589138635865,0,0.9958879968670452,0.9998033818324812,0.9998017446471056,1.0,1.0,1.0,nasdaq,纳指100
0.25,0.15,0.4,0.2,5107,2.169862107892304,2.0753612159978645,0.1289941631302458,0.11344065730185,0.0918067877106834,0.2226652015804343,1.49357343883911,0.1912491804498416,0.2140430559429017,1.591625397348429,0.674482174652125,5.915593034330647,-0.0355199058327295,0,0.9956921871940474,0.9996067636649626,0.999603489294211,1.0,1.0,1.0,nasdaq,纳指100
0.25,0.1,0.4,0.25,5107,2.1857367491112583,2.13716588106894,0.1306374493494645,0.1170588720718008,0.092467703069677,0.2238575510549414,1.4673003215473577,0.1793493378818663,0.2156955008447363,1.6081787549606543,0.728396607940157,5.820488178275931,-0.0351636921796628,0,0.9956921871940474,0.9996067636649626,0.999603489294211,1.0,1.0,1.0,nasdaq,纳指100
0.25,0.05,0.4,0.3,5107,2.1891919652531224,2.1890912261708424,0.1319211537746465,0.120039039954239,0.0929810526883065,0.2249928997341952,1.4318198687191483,0.168733416893046,0.2235438055227821,1.6165790777510691,0.7818318161497706,5.686652621061505,-0.0348074785265961,0,0.9956921871940474,0.9996067636649626,0.999603489294211,1.0,1.0,1.0,nasdaq,纳指100
0.3,0.15,0.35,0.2,5107,2.311672584219975,2.203116155554488,0.1341295412277235,0.1165771411224034,0.097733984115827,0.2226462621240736,1.6162827929124073,0.2050151919712057,0.2334922520388064,1.5880872463928992,0.6542419609887347,6.226195128362874,-0.038024889856281,0,0.9964754258860388,1.0,1.0,1.0,1.0,1.0,nasdaq,纳指100
0.3,0.1,0.35,0.25,5107,2.3139287757361813,2.246307994150025,0.1352708796799328,0.1194125380212813,0.0977521427962983,0.2240793467080634,1.5856049029915116,0.1949268038634572,0.2370598765933328,1.5945860916624532,0.693957306018764,6.105637413534694,-0.0376686762032145,0,0.9964754258860388,1.0,1.0,1.0,1.0,1.0,nasdaq,纳指100
0.3,0.15,0.4,0.15,5107,2.483749947334233,2.36830576035526,0.1404571078700675,0.1228550862299138,0.100559852171626,0.238988511158557,1.7462302227557085,0.2119070616594112,0.2429010127023124,1.6148191769673474,0.6628241020859322,6.830540831382493,-0.0397296681723571,0,0.996279616213041,1.0,1.0,1.0,1.0,1.0,nasdaq,纳指100
0.3,0.1,0.4,0.2,5107,2.4815188139463085,2.416124507799465,0.1416120435763101,0.1256502293510313,0.1007725376223482,0.2400996870794869,1.7039911797939356,0.2018232381177536,0.2461045838802157,1.6207556293021532,0.7016637177017578,6.669935133022239,-0.0393734545192905,0,0.996083806540043,1.0,1.0,1.0,1.0,1.0,nasdaq,纳指100
0.3,0.05,0.4,0.25,5107,2.499801926879289,2.4756183348497345,0.1431497364913172,0.1284498207320665,0.1010448663405061,0.241202624391549,1.685160824942535,0.1907123846297274,0.2501660266986784,1.6331571649565937,0.7506053514523758,6.597273465719902,-0.0390172408662239,0,0.996083806540043,1.0,1.0,1.0,1.0,1.0,nasdaq,纳指100
0.3500000000000001,0.15,0.35,0.15,5107,2.6684426403350296,2.537293209636701,0.1477855031174194,0.1263179403316319,0.1059133321028955,0.2464730140875957,1.8894328630632944,0.2266063966011382,0.2658486851632097,1.561165457972887,0.6521682765096187,7.281558503278088,-0.0422346521959087,0,0.9964754258860388,1.0,1.0,1.0,1.0,1.0,nasdaq,纳指100
0.3500000000000001,0.1,0.35,0.2,5107,2.685035840440023,2.5950734836614853,0.1492292608232261,0.1300229396317442,0.105873160441051,0.2474452661855532,1.870171674372664,0.2166677276721172,0.2698878423810108,1.5714724436472958,0.6887470618100281,7.309033157882299,-0.041878438542842,0,0.9964754258860388,1.0,1.0,1.0,1.0,1.0,nasdaq,纳指100
0.3500000000000001,0.15,0.4,0.1,5107,2.866730043106068,2.72249204413504,0.1543838946226536,0.1335070430465457,0.109424018228579,0.2625961638513114,2.0433537484814286,0.2330945136452528,0.2725180056352329,1.6010858323649697,0.6623231589981171,7.906175895163496,-0.0439394305119847,0,0.9964754258860388,1.0,1.0,1.0,1.0,1.0,nasdaq,纳指100
0.3500000000000001,0.1,0.4,0.15,5107,2.872425773352358,2.778786310652817,0.1556692819378936,0.1364332936982111,0.1090954344355224,0.2639609089651932,2.008701954829792,0.2239870320658032,0.2764535855209643,1.60734583068472,0.6949923863992309,7.868298967827535,-0.0435832168589181,0,0.9964754258860388,1.0,1.0,1.0,1.0,1.0,nasdaq,纳指100
0.3500000000000001,0.05,0.4,0.2,5107,2.8864452197707235,2.845788476466112,0.1572010427749847,0.1392910676710919,0.1089178237711864,0.265156969188264,1.9772588351004083,0.2131014793890047,0.2821979500887909,1.6156330491137334,0.7376816117171254,7.860741891722467,-0.0432270032058516,0,0.996279616213041,1.0,1.0,1.0,1.0,1.0,nasdaq,纳指100
0.4000000000000001,0.15,0.35,0.1,5107,3.139524147171763,2.9687810990490497,0.1611698727664267,0.1343876679360518,0.1153755911989393,0.2637134260528522,2.293005410879675,0.2484282458553154,0.2946425699854007,1.5527439048568212,0.6487582449070308,8.914011358265446,-0.0464444145355362,0,0.9966712355590366,1.0,1.0,1.0,1.0,1.0,nasdaq,纳指100
0.4000000000000001,0.15,0.4,0.05,5107,3.301606788679324,3.1174869896901054,0.1654248420430275,0.1389887045383513,0.11796859900943,0.272148601087908,2.4360442885006344,0.2546979062698639,0.3015434734230148,1.5908207162063353,0.6494943145223677,9.47994500122945,-0.0481491928516124,0,0.9964754258860388,1.0,1.0,1.0,1.0,1.0,nasdaq,纳指100
0.4000000000000001,0.05,0.4,0.15,5107,3.2122559768004453,3.1344461355558817,0.16646243411759,0.1461383895988854,0.1152544078149378,0.2743255137441804,2.2668708601579355,0.2338351365571183,0.3123173192924579,1.576949946155755,0.71187947443873,9.172618753474776,-0.0474367655454792,0,0.9964754258860388,1.0,1.0,1.0,1.0,1.0,nasdaq,纳指100
0.45,0.1,0.3,0.15,5107,3.328501550031244,3.16245008613169,0.1677808717315993,0.1383122241348378,0.1187032553802174,0.2644580906241178,2.4335631897287344,0.2532595953099068,0.3224387239094614,1.43179414063829,0.6624857452144723,9.755574729225524,-0.0485931849060211,0,0.99725866457803,1.0,1.0,1.0,1.0,1.0,nasdaq,纳指100
0.45,0.15,0.35,0.05,5107,3.513269667933428,3.280705041057357,0.171387125182205,0.1407893222419125,0.1221588838657756,0.2762129405344259,2.6348173677847417,0.2688812636097184,0.3241660714708678,1.4856282455563803,0.6374082109007557,10.4487289017861,-0.050654176875164,0,0.9970628549050324,1.0,1.0,1.0,1.0,1.0,nasdaq,纳指100
0.45,0.1,0.35,0.1,5107,3.518706142132343,3.339130225582588,0.1726849239855178,0.1436467920402135,0.1217010898164034,0.2764768787548399,2.5957639410241424,0.2584867818630149,0.3293329286797029,1.489428061482421,0.6680609458669816,10.430513850996766,-0.0502979632220973,0,0.9968670452320344,1.0,1.0,1.0,1.0,1.0,nasdaq,纳指100
0.45,0.1,0.4,0.05,5107,3.751794503086539,3.5594421215531744,0.1788703403803899,0.150940074427911,0.1252066115959143,0.2924571603774266,2.785520469926599,0.2642834106999956,0.335194229643299,1.5478376361745283,0.676812592612696,11.220061289738132,-0.0520027415381735,0,0.9966712355590366,1.0,1.0,1.0,1.0,1.0,nasdaq,纳指100
0.5000000000000001,0.05,0.3,0.15,5107,3.723207928062928,3.541249478923924,0.1795011052933839,0.14794743150224,0.1249113646547207,0.2781830513134713,2.748309557264056,0.263992328442546,0.3558335389772291,1.35951610327437,0.679948187708226,11.380316442507194,-0.0524467335925822,0,0.99725866457803,1.0,1.0,1.0,1.0,1.0,nasdaq,纳指100
0.5000000000000001,0.1,0.35,0.05,5107,3.975417119583863,3.7198590618866794,0.1845084702091499,0.1515496622300363,0.1290725475878324,0.2921722391244644,3.0048806662368674,0.2790764421029729,0.3571266312702099,1.4246237061426166,0.6611395387542975,12.32077482487882,-0.054507725561725,0,0.99725866457803,1.0,1.0,1.0,1.0,1.0,nasdaq,纳指100
0.5000000000000001,0.05,0.35,0.1,5107,3.972967371989203,3.7742142430701975,0.1857024759214755,0.155041752541797,0.1284303929986825,0.2928524448914147,2.953834404231765,0.2690347305213992,0.3614164408184861,1.428362933850062,0.6902546580568883,12.268926444941114,-0.0541515119086583,0,0.99725866457803,1.0,1.0,1.0,1.0,1.0,nasdaq,纳指100
0.5000000000000001,0.05,0.4,0.05,5107,4.210663831611513,4.008892514132273,0.1916197246683392,0.1621792553132761,0.1315742852848928,0.3084839758826707,3.1424486860107543,0.2754130493655112,0.368634216744619,1.4855379240218949,0.6957539779243841,13.164099607415425,-0.0558562902247345,0,0.9968670452320344,1.0,1.0,1.0,1.0,1.0,nasdaq,纳指100
0.1,0.5,0.1,0.3,5528,0.534338415628074,0.5072509220789466,0.0474953569399858,0.0378474250722946,0.0323465725546397,0.0827423395343926,0.2639999174538023,0.0434258513089464,0.069393761939615,1.0468476107154534,1.093711591330415,1.1373371769873044,-0.0046039248369798,0,0.9967438494934876,0.9992736517159978,0.9996340347666972,1.0,1.0,1.0,nikkei225,日经225
0.1,0.5,0.15,0.25,5528,0.6399423872269916,0.5940257593729172,0.0541882323550566,0.0429264402988829,0.0376271012764316,0.0938936403174228,0.3310939990218516,0.0515540990842309,0.0794732715551267,1.0862798366049016,1.051094545683399,1.4357532978970475,-0.0099887463972708,0,0.9936685962373372,0.9963682585799892,0.9983531564501372,1.0,1.0,1.0,nikkei225,日经225
0.1,0.5,0.2,0.2,5528,0.7704495866314195,0.7036792831383869,0.0620587735020591,0.0489159815801359,0.0430919879784061,0.1102839895864584,0.4134721833320239,0.0599374050767422,0.0919787574016127,1.1277079801170644,1.035393064190896,1.8000934098274746,-0.0190908215127543,0,0.9900506512301012,0.9930996913019792,0.9972552607502287,1.0,1.0,1.0,nikkei225,日经225
0.15,0.5,0.15,0.2,5528,0.7777909127274204,0.7203030076966479,0.0647617563612974,0.0503867006167102,0.0428393926614781,0.1151491838927828,0.4022125878213281,0.0652831991396476,0.105408124427368,1.2059024626568804,0.9920126037752104,1.7608057344560528,-0.0069453260102301,0,0.9967438494934876,0.9992736517159978,0.9996340347666972,1.0,1.0,1.0,nikkei225,日经225
0.1,0.5,0.25,0.15,5528,0.902741442115028,0.8126687591976108,0.0693782369726115,0.0546650680675404,0.0477245814647942,0.1256600966273383,0.5043955656878234,0.0687429806336446,0.1065514957950309,1.1446593540788172,1.0092410357117394,2.1975900181037837,-0.0281928966282368,0,0.9873371924746744,0.9907390593789722,0.9961573650503204,1.0,1.0,1.0,nikkei225,日经225
0.15,0.5,0.2,0.15,5528,0.9234447169252196,0.8381170546725786,0.0728364935507678,0.0565628129346089,0.048811391865582,0.1292697334599647,0.4962362713470097,0.0730889867498526,0.115262965737711,1.259829842654208,0.996545400198952,2.1803610172910903,-0.0116564908648441,0,0.9958393632416788,0.9983657163609952,0.9990850869167428,1.0,1.0,1.0,nikkei225,日经225
0.1,0.5,0.3,0.1,5528,1.0436233965269168,0.9171305125337952,0.0767766681802092,0.0604604699917502,0.0522158041658991,0.1413401940877339,0.6046643271577004,0.0791052726827435,0.1212504684597952,1.1539316831722386,0.9705632200792308,2.6373396922711176,-0.0372949717437209,0,0.9866136034732272,0.9903758852369712,0.9959743824336688,1.0,1.0,1.0,nikkei225,日经225
0.15,0.5,0.25,0.1,5528,1.0649279285306683,0.9522926862824328,0.0800003622255504,0.0620051889665771,0.0542461759376774,0.1431261663927488,0.5961994465495024,0.0808663825208593,0.1270812377958415,1.2762146297176666,0.9892907254125598,2.623317650093372,-0.0207585659803254,0,0.9914978292329956,0.9943708007989832,0.9978042086001828,1.0,1.0,1.0,nikkei225,日经225
0.1,0.5,0.35,0.05,5528,1.1885892157358595,1.023810755704516,0.0839850343602435,0.0662193362796366,0.0561253612364303,0.1572380826779401,0.7114258772514033,0.0909956865857356,0.1362368055629578,1.1578454714313435,0.9229562137663884,3.1115520435468538,-0.0463970468592032,0,0.9862518089725036,0.99001271109497,0.995608417200366,1.0,1.0,1.0,nikkei225,日经225
0.15,0.5,0.3,0.05,5528,1.2053485767253775,1.069035654370928,0.0870575339035541,0.0672250208983937,0.0584562018730106,0.1585373181704459,0.6956268366967076,0.0890242887275443,0.139549883253849,1.2726160092484569,0.977907660346388,3.0786332835043586,-0.0298606410958098,0,0.9896888567293776,0.9929181042309788,0.9972552607502287,1.0,1.0,1.0,nikkei225,日经225
0.2,0.45,0.25,0.1,5528,1.2146110759294215,1.0883291388171348,0.0898167118365561,0.0688246079158305,0.0587520525533225,0.1654766565841879,0.6820647580382424,0.0942551778073142,0.1508091760770069,1.3307586061330192,0.9529101098315088,3.0447184721146687,-0.0134463324243814,0,0.996382054992764,0.9989104775739968,0.9994510521500456,1.0,1.0,1.0,nikkei225,日经225
0.1,0.45,0.4,0.05,5528,1.3304108454908232,1.1170637598832267,0.0905279516340501,0.0714624000057104,0.059223855942212,0.1720158234125423,0.8259047355739118,0.102355955073079,0.1516860644770801,1.151497419954307,0.8844424495811298,3.6090868341583935,-0.0556212190666525,0,0.9857091172214182,0.9894679498819684,0.995608417200366,1.0,1.0,1.0,nikkei225,日经225
0.15,0.45,0.35,0.05,5528,1.3563774982926282,1.1773906712988718,0.093932519140954,0.0724292628127254,0.0624824613563132,0.1734600864918321,0.8122925160636381,0.0973519588183045,0.1538894520185998,1.2662155970472306,0.9648754917840696,3.59361463511243,-0.0390848133032587,0,0.9873371924746744,0.9907390593789722,0.9961573650503204,1.0,1.0,1.0,nikkei225,日经225
0.2,0.45,0.3,0.05,5528,1.3805643682391722,1.2101251712732262,0.0971845077289854,0.0741092996785189,0.0641816699187726,0.1772616711496558,0.8091300727512972,0.1017394292469555,0.162346157268112,1.3440135239961473,0.9552295353759672,3.6066669229244175,-0.022548407539865,0,0.9927641099855282,0.9956419102959868,0.9978042086001828,1.0,1.0,1.0,nikkei225,日经225
0.15,0.4,0.4,0.05,5528,1.5116825110661594,1.286954651443866,0.1008567365428434,0.0775764262774143,0.0661880295617179,0.1895075959800445,0.9308070424641984,0.1070188068225693,0.1684917403376383,1.2568590560992647,0.942420678545386,4.132939060995092,-0.0483089855107066,0,0.9869753979739508,0.9907390593789722,0.9961573650503204,1.0,1.0,1.0,nikkei225,日经225
0.2,0.4,0.35,0.05,5528,1.5280418462105687,1.3360809742295097,0.1039736721182403,0.0790867377189624,0.0679979775564545,0.1916114734073767,0.90884972043433,0.1094388704157495,0.1741627827916059,1.3355247473325114,0.9500616346207942,4.0801804780152615,-0.0317725797473136,0,0.991136034732272,0.994007626656982,0.9976212259835316,1.0,1.0,1.0,nikkei225,日经225
0.25,0.35,0.3,0.1,5528,1.5225881633850409,1.3517495706081089,0.1063952371689719,0.0803990274333437,0.0672412929589135,0.2009072597273736,0.8730530961764901,0.116877732344523,0.1868432851238722,1.3596764542385669,0.91031229845689,3.9573257631313936,-0.0153582710758848,0,0.996382054992764,0.9989104775739968,0.9994510521500456,1.0,1.0,1.0,nikkei225,日经225
0.2,0.35,0.4,0.05,5528,1.7003878331086189,1.4613467849882846,0.110957162839466,0.0840525375690703,0.072152287096453,0.2071379926316524,1.0456464532783794,0.1173395883222593,0.1869684383035421,1.329360280990139,0.9456072279266506,4.699594822440677,-0.0409967519547616,0,0.9889652677279306,0.9923733430179772,0.9968892955169258,1.0,1.0,1.0,nikkei225,日经225
0.25,0.35,0.35,0.05,5528,1.7041224076113537,1.4897015407044012,0.1137105750143405,0.0857695416173269,0.0723187817204362,0.216384252307727,1.0126545230045223,0.1239227281727644,0.1977998375274554,1.370340451870428,0.9175925731381016,4.598457199593058,-0.0244603461913675,0,0.9934876989869754,0.9961866715089884,0.9979871912168344,1.0,1.0,1.0,nikkei225,日经225
0.25,0.3,0.4,0.05,5528,1.8829987418624103,1.629522070565562,0.1206762414772627,0.0906852841856017,0.0767630479730634,0.2256729135668891,1.1525208821202568,0.1310007287406961,0.2090801142127653,1.3678451087557495,0.921187558552672,5.251429327172329,-0.0336845183988164,0,0.9914978292329956,0.9943708007989832,0.9978042086001828,1.0,1.0,1.0,nikkei225,日经225
0.3,0.3,0.35,0.05,5528,1.8844849595653173,1.656162702856749,0.1234697695725709,0.0922873024225752,0.0759393990109189,0.2354281125340613,1.1144492973986242,0.1373158189025289,0.2239575759556072,1.3789362092361446,0.8991663929136505,5.121360888659111,-0.0171481126354229,0,0.996382054992764,0.9989104775739968,0.9994510521500456,1.0,1.0,1.0,nikkei225,日经225
0.3,0.25,0.4,0.05,5528,2.077840482317864,1.8011577808121748,0.1304258256030047,0.0973320303756151,0.0806177850075143,0.2504107553443224,1.2693792796826189,0.1441391922852324,0.2344488968817815,1.3851564524220412,0.9048602502566356,5.847299034098257,-0.0263722848428716,0,0.9943921852387844,0.9970946068639912,0.9983531564501372,1.0,1.0,1.0,nikkei225,日经225
0.3500000000000001,0.25,0.35,0.05,5528,2.0824528036079912,1.8353875569870803,0.133427076596545,0.0984513399865073,0.079958511492135,0.2532373311880508,1.231682546624264,0.1507486694511831,0.2486098851978965,1.372520133805672,0.8850962139984438,5.709714306346874,-0.0163305772348772,0,0.9967438494934876,0.9992736517159978,0.9996340347666972,1.0,1.0,1.0,nikkei225,日经225
0.3500000000000001,0.2,0.4,0.05,5528,2.362177981936221,2.066849561273628,0.1415656919216978,0.1068276566886253,0.0864060231655793,0.2692941952271819,1.4665796587044866,0.1574188674774449,0.2590476617188328,1.4109255860783234,0.899293040219473,6.742026962638324,-0.019060051286926,0,0.996382054992764,0.9989104775739968,0.9994510521500456,1.0,1.0,1.0,nikkei225,日经225
0.4000000000000001,0.2,0.35,0.05,5528,2.368079986264816,2.111062301293181,0.1447125520146923,0.1079146636517313,0.0857973653820289,0.2700302836275102,1.426439897752534,0.1650080280837683,0.2742674961822842,1.3772138782264565,0.8770030991536195,6.581629183736764,-0.0175514715364105,0,0.9967438494934876,0.9992736517159978,0.9996340347666972,1.0,1.0,1.0,nikkei225,日经225
0.4000000000000001,0.15,0.4,0.05,5528,2.5996630564346592,2.2825835914238253,0.1517953213906904,0.1132060318505566,0.0904462269493104,0.287357120483876,1.6148202267727876,0.1708189976656895,0.2831426902964562,1.4005422482338337,0.8886325494531326,7.482371077385181,-0.018679837020786,0,0.9967438494934876,0.9992736517159978,0.9996340347666972,1.0,1.0,1.0,nikkei225,日经225
0.45,0.15,0.35,0.05,5528,2.5976848579933205,2.320181564041927,0.154902650435029,0.1148581370647809,0.089876701771753,0.2896907726774808,1.5683172248272803,0.1787627214475097,0.3016404461896916,1.3483932734040076,0.8665265844059842,7.298668203695984,-0.0187723658379437,0,0.998371924746744,1.0,1.0,1.0,1.0,1.0,nikkei225,日经225
0.45,0.1,0.4,0.05,5528,2.854382252318514,2.506897010932837,0.1619734695408219,0.1198773833376403,0.0945665756858811,0.3038229107968694,1.782648807289016,0.1840430650856711,0.3067745639857522,1.3805274169821988,0.8800846120739408,8.306744235408004,-0.019900731322319,0,0.9967438494934876,0.9992736517159978,0.9996340347666972,1.0,1.0,1.0,nikkei225,日经225
0.5000000000000001,0.1,0.35,0.05,5528,2.8650061254609245,2.5618071355287984,0.1653770212358968,0.1224146657280563,0.0944026360502594,0.3072347257802664,1.7449606124865056,0.1925422814279127,0.3283750672770743,1.3200895796061771,0.8589127541724567,8.153420520669712,-0.0199932601394767,0,0.9989146164978292,1.0,1.0,1.0,1.0,1.0,nikkei225,日经225
0.5000000000000001,0.05,0.4,0.05,5528,3.179185254813888,2.753504238392716,0.1728245805610726,0.1270698092533723,0.1006711238299909,0.3226914134861806,2.039976494189181,0.1974388224172064,0.3316207138717712,1.3608994399483072,0.8753323102580015,9.52132881065847,-0.0211216256238523,0,0.998191027496382,1.0,1.0,1.0,1.0,1.0,nikkei225,日经225
