entry_date,final_value,total_return_pct,annual_return_pct,max_drawdown_pct,sharpe_ratio,annual_volatility_pct,benchmark_return_pct,outperform_benchmark,holding_years
2020-01-02,1764114.48,76.4114,9.3332,12.5319,0.7493,9.6433,73.591,Yes,6.36
2020-01-03,1755771.41,75.5771,9.2559,12.5319,0.7397,9.6476,72.7846,Yes,6.36
2020-01-06,1747318.85,74.7319,9.1854,12.5319,0.7392,9.6507,72.3145,Yes,6.35
2020-01-07,1747920.51,74.7921,9.1955,12.5035,0.7368,9.5905,69.7034,Yes,6.35
2020-01-08,1736677.35,73.6677,9.0887,12.5035,0.7406,9.5889,68.3994,Yes,6.35
2020-01-09,1741691.0,74.1691,9.1423,12.4973,0.7458,9.5245,64.1591,Yes,6.34
2020-01-10,1741106.2,74.1106,9.1407,12.4973,0.7345,9.527,64.4449,Yes,6.34
2020-01-13,1672827.15,67.2827,8.4656,14.5779,0.6575,9.8873,60.0715,Yes,6.33
2020-01-14,1675284.8,67.5285,8.4946,14.4244,0.6592,9.8556,58.2883,Yes,6.33
2020-01-15,1672404.42,67.2404,8.4689,14.4689,0.6432,9.8643,58.7909,Yes,6.33
2020-01-16,1659878.65,65.9879,8.3438,14.1455,0.6222,9.7535,53.352,Yes,6.32
2020-01-17,1637242.9,63.7243,8.1125,13.5077,0.6382,9.5909,42.9078,Yes,6.32
2020-01-20,1636477.03,63.6477,8.1154,13.4957,0.6507,9.5868,42.6952,Yes,6.31
2020-01-21,1643682.1,64.3682,8.1944,13.8431,0.6281,9.6742,48.1277,Yes,6.31
2020-01-22,1634787.48,63.4787,8.105,13.4697,0.6507,9.5772,42.2347,Yes,6.31
2020-01-23,1642432.29,64.2432,8.1887,13.7891,0.6991,9.5848,47.2543,Yes,6.3
2020-02-03,1743323.45,74.3323,9.2629,12.5319,0.7122,9.4553,71.7672,Yes,6.27
2020-02-04,1648679.43,64.8679,8.2989,14.1884,0.6358,9.6299,53.4944,Yes,6.27
2020-02-05,1637148.43,63.7148,8.1815,13.7914,0.6355,9.5361,47.0694,Yes,6.27
2020-02-06,1630351.12,63.0351,8.1134,13.5275,0.617,9.4586,42.897,Yes,6.27
2020-02-07,1621681.03,62.1681,8.0251,13.0548,0.6259,9.5036,35.3575,Yes,6.26
2020-02-10,1616906.84,61.6907,7.9851,12.9628,0.643,9.483,33.8739,Yes,6.25
2020-02-11,1616316.94,61.6317,7.9825,13.2209,0.6131,9.3788,37.9079,Yes,6.25
2020-02-12,1611046.94,61.1047,7.9297,12.98,0.6189,9.4414,31.2482,Yes,6.25
2020-02-13,1605244.76,60.5245,7.871,12.9131,0.6315,9.4277,30.09,Yes,6.25
2020-02-14,1613934.85,61.3935,7.9679,12.9365,0.6096,9.4633,33.3721,Yes,6.24
2020-02-17,1599224.96,59.9225,7.8204,12.7911,0.6089,9.3995,28.1273,Yes,6.24
2020-02-18,1593469.29,59.3469,7.7616,12.6897,0.6148,9.3832,26.4947,Yes,6.23
2020-02-19,1592726.21,59.2726,7.7571,12.8571,0.6168,9.4144,28.8838,Yes,6.23
2020-02-20,1596328.74,59.6329,7.7997,13.0159,0.605,9.4455,31.2836,Yes,6.23
2020-02-21,1590554.56,59.0555,7.7405,12.8498,0.5957,9.4518,31.4274,Yes,6.22
2020-02-24,1580305.03,58.0305,7.6391,12.8372,0.5998,9.4508,30.9561,Yes,6.22
2020-02-25,1584096.65,58.4097,7.6842,12.9163,0.6253,9.4156,29.4565,Yes,6.21
2020-02-26,1589969.87,58.997,7.7519,13.2504,0.62,9.3728,37.408,Yes,6.21
2020-02-27,1595362.63,59.5363,7.8142,13.4147,0.6495,9.3836,39.9391,Yes,6.21
2020-02-28,1619346.72,61.9347,8.0773,13.9502,0.626,9.5017,48.6201,Yes,6.21
2020-03-02,1614055.98,61.4056,8.0314,13.4676,0.6288,9.3971,41.3151,Yes,6.2
2020-03-03,1607428.9,60.7429,7.9634,13.2384,0.6349,9.3516,37.751,Yes,6.19
2020-03-04,1604122.17,60.4122,7.9311,13.4678,0.6256,9.4021,40.9664,Yes,6.19
2020-03-05,1601735.73,60.1736,7.9088,13.4043,0.6259,9.3915,39.956,Yes,6.19
2020-03-06,1598076.45,59.8076,7.8726,13.5796,0.6522,9.4075,42.3665,Yes,6.19
2020-03-09,1620063.99,62.0064,8.1223,14.1613,0.6301,9.5256,51.0546,Yes,6.18
2020-03-10,1613627.63,61.3628,8.0564,13.7597,0.6477,9.4487,45.532,Yes,6.18
2020-03-11,1618924.45,61.8924,8.1175,14.02,0.6539,9.5023,49.4161,Yes,6.17
2020-03-12,1628539.58,62.854,8.2251,14.1568,0.662,9.5308,51.6751,Yes,6.17
2020-03-13,1639763.76,63.9764,8.3495,14.0372,0.7027,9.4789,50.6147,Yes,6.17
2020-03-16,1669660.26,66.966,8.6794,14.4919,0.7089,9.5768,58.7456,Yes,6.16
2020-03-17,1687833.12,68.7833,8.8747,14.2932,0.7125,9.5369,56.436,Yes,6.16
2020-03-18,1680809.0,68.0809,8.8051,14.4619,0.7053,9.5767,58.7549,Yes,6.15
2020-03-19,1679980.65,67.9981,8.8005,14.3383,0.7054,9.5524,56.7927,Yes,6.15
2020-03-20,1675846.61,67.5847,8.761,14.3644,0.7421,9.5261,57.0158,Yes,6.15
2020-03-23,1765081.62,76.5082,9.6962,12.5035,0.7919,9.182,70.2254,Yes,6.14
2020-03-24,1730387.86,73.0388,9.3464,12.5035,0.7666,9.1644,66.8623,Yes,6.14
2020-03-25,1707060.85,70.7061,9.1091,12.4973,0.7744,9.1213,60.7297,Yes,6.13
2020-03-26,1711275.86,71.1276,9.1573,12.4973,0.7746,9.1266,61.6074,Yes,6.13
2020-03-27,1707300.58,70.7301,9.1201,12.5035,0.7948,9.1489,63.2217,Yes,6.13
2020-03-30,1731252.86,73.1253,9.3816,12.5319,0.7943,9.214,70.8921,Yes,6.12
2020-03-31,1734340.32,73.434,9.4179,12.5319,0.7997,9.219,71.9008,Yes,6.12
2020-04-01,1742494.29,74.2494,9.5062,12.5035,0.7818,9.1531,70.5464,Yes,6.12
2020-04-02,1714142.57,71.4143,9.2172,12.4973,0.7862,9.1045,61.683,Yes,6.11
2020-04-03,1713569.42,71.3569,9.2155,12.5035,0.7553,9.1259,63.8221,Yes,6.11
2020-04-07,1690948.62,69.0949,8.9951,12.4973,0.7685,9.0876,59.2354,Yes,6.1
2020-04-08,1698624.17,69.8624,9.0803,12.4973,0.7691,9.0925,60.3183,Yes,6.1
2020-04-09,1698681.28,69.8681,9.0852,12.4973,0.7859,9.0901,60.7353,Yes,6.09
2020-04-10,1713867.75,71.3868,9.249,12.5035,0.7921,9.1377,67.2411,Yes,6.09
2020-04-13,1717709.5,71.7709,9.3023,12.5319,0.7666,9.1812,69.8561,Yes,6.08
2020-04-14,1701698.84,70.1699,9.1384,12.5035,0.7678,9.13,64.9384,Yes,6.08
2020-04-15,1695114.76,69.5115,9.0731,12.5035,0.7609,9.1273,62.667,Yes,6.08
2020-04-16,1689936.08,68.9936,9.0224,12.5035,0.7592,9.1298,62.1113,Yes,6.07
2020-04-17,1689427.71,68.9428,9.0213,12.4973,0.7589,9.0913,58.4634,Yes,6.07
2020-04-20,1631919.34,63.1919,8.413,14.5452,0.6747,9.4911,56.1856,Yes,6.06
2020-04-21,1685834.78,68.5835,9.0,12.4973,0.7555,9.0966,58.1577,Yes,6.06
2020-04-22,1628179.85,62.818,8.3799,14.5426,0.657,9.4902,55.8435,Yes,6.06
2020-04-23,1616323.93,61.6324,8.2531,14.4607,0.6575,9.4744,53.9638,Yes,6.05
2020-04-24,1614507.74,61.4508,8.2368,14.5426,0.6621,9.4891,54.7124,Yes,6.05
2020-04-27,1619198.32,61.9198,8.3005,14.5824,0.6756,9.4958,55.5353,Yes,6.04
2020-04-28,1685556.85,68.5557,9.0269,12.4973,0.7662,9.1028,58.9696,Yes,6.04
2020-04-29,1689320.67,68.9321,9.0714,12.4973,0.7404,9.0881,60.5287,Yes,6.04
2020-04-30,1610564.86,61.0565,8.2163,14.304,0.6276,9.4105,51.7683,Yes,6.04
2020-05-06,1589156.72,58.9157,7.9993,13.5918,0.6536,9.2842,41.8941,Yes,6.02
2020-05-07,1597164.91,59.7165,8.0934,13.7599,0.638,9.317,44.6074,Yes,6.02
2020-05-08,1587084.22,58.7084,7.9834,13.6556,0.6478,9.2979,42.7255,Yes,6.01
2020-05-11,1592443.89,59.2444,8.0554,13.757,0.6441,9.3213,44.3767,Yes,6.01
2020-05-12,1591407.1,59.1407,8.0475,13.6994,0.6396,9.3121,43.4953,Yes,6.0
2020-05-13,1586840.62,58.6841,7.9996,13.6042,0.6406,9.2963,41.9486,Yes,6.0
2020-05-14,1585061.86,58.5062,7.9832,13.6477,0.6227,9.3005,42.5045,Yes,6.0
2020-05-15,1571807.27,57.1807,7.8358,13.4585,0.6199,9.2652,39.3289,Yes,5.99
2020-05-18,1564106.53,56.4107,7.7586,13.6516,0.5987,9.2896,41.1264,Yes,5.99
2020-05-19,1554624.89,55.4625,7.6528,13.0966,0.6128,9.1936,33.6547,Yes,5.98
2020-05-20,1554023.51,55.4024,7.6495,13.2257,0.6353,9.2054,35.4361,Yes,5.98
2020-05-21,1570756.43,57.0756,7.8461,13.6292,0.6362,9.2804,41.3933,Yes,5.98
2020-05-22,1576722.99,57.6723,7.9183,13.8178,0.6413,9.3125,43.8373,Yes,5.98
2020-05-25,1582337.64,58.2338,7.994,13.9844,0.6142,9.3266,46.0412,Yes,5.97
2020-05-26,1565182.88,56.5183,7.8006,13.4616,0.637,9.2394,39.0902,Yes,5.96
2020-05-27,1574190.51,57.4191,7.9081,13.5917,0.639,9.2669,41.242,Yes,5.96
2020-05-28,1576199.89,57.62,7.935,13.8053,0.63,9.3015,43.6551,Yes,5.96
2020-05-29,1572367.16,57.2367,7.8947,13.6816,0.6086,9.2691,42.0537,Yes,5.96
2020-06-01,1555517.09,55.5517,7.7107,13.2737,0.617,9.2,36.0876,Yes,5.95
2020-06-02,1555400.03,55.54,7.7131,13.2383,0.6273,9.1942,35.5773,Yes,5.95
2020-06-03,1562037.78,56.2038,7.794,13.3084,0.6281,9.2104,36.7669,Yes,5.94
2020-06-04,1564222.54,56.4223,7.8231,13.2629,0.6301,9.205,36.1858,Yes,5.94
2020-06-05,1564235.46,56.4235,7.827,13.2821,0.6413,9.2082,36.4479,Yes,5.94
2020-06-08,1572414.0,57.2414,7.9331,13.3937,0.6399,9.2324,38.287,Yes,5.93
2020-06-09,1572672.87,57.2673,7.9399,13.4054,0.638,9.2378,38.4542,Yes,5.93
2020-06-10,1570154.36,57.0154,7.9145,13.4773,0.6311,9.2541,39.3841,Yes,5.92
2020-06-11,1565682.2,56.5682,7.8664,13.4606,0.636,9.2537,38.9888,Yes,5.92
2020-06-12,1568398.49,56.8398,7.9018,13.5423,0.6405,9.2714,40.233,Yes,5.92
2020-06-15,1572493.86,57.2494,7.9608,13.6419,0.6245,9.2862,41.6221,Yes,5.91
2020-06-16,1563153.82,56.3154,7.8558,13.35,0.6301,9.2362,37.3128,Yes,5.91
2020-06-17,1562119.78,56.212,7.8475,13.3381,0.6274,9.237,37.102,Yes,5.9
2020-06-18,1560174.73,56.0175,7.8285,13.2591,0.6204,9.2234,35.9173,Yes,5.9
2020-06-19,1554182.34,55.4182,7.762,13.1065,0.6028,9.1859,33.5812,Yes,5.9
2020-06-22,1549849.46,54.9849,7.7221,12.8146,0.6019,9.3005,29.0941,Yes,5.89
2020-06-23,1541080.71,54.1081,7.6221,12.7921,0.5959,9.2653,25.7928,Yes,5.89
2020-06-24,1534631.29,53.4631,7.5491,12.6971,0.6062,9.2524,24.2839,Yes,5.88
2020-06-29,1538596.58,53.8597,7.6147,12.8339,0.5868,9.2695,26.2908,Yes,5.87
2020-06-30,1529598.65,52.9599,7.5108,12.5615,0.5944,9.2324,22.2573,Yes,5.87
2020-07-01,1528456.55,52.8457,7.5008,12.6135,0.599,9.242,22.9373,Yes,5.87
2020-07-02,1533057.39,53.3057,7.5596,12.6229,0.597,9.247,23.179,Yes,5.86
2020-07-03,1531157.21,53.1157,7.5405,12.6176,0.5666,9.2229,23.0478,Yes,5.86
2020-07-06,1503055.5,50.3056,7.2115,12.6537,0.5571,9.1259,15.064,Yes,5.85
2020-07-07,1493733.8,49.3734,7.1011,12.6465,0.5475,9.0935,12.5912,Yes,5.85
2020-07-08,1487231.93,48.7232,7.0246,12.5319,0.5284,9.065,10.6408,Yes,5.85
2020-07-09,1469437.93,46.9438,6.8078,12.5035,0.539,9.0083,6.1971,Yes,5.84
2020-07-10,1474120.89,47.4121,6.8693,12.5499,0.5163,9.0066,6.9687,Yes,5.84
2020-07-13,1458662.18,45.8662,6.6863,12.4973,0.5272,8.9602,2.7974,Yes,5.83
2020-07-14,1463951.54,46.3952,6.7558,12.4844,0.5539,8.9612,4.0294,Yes,5.83
2020-07-15,1483697.31,48.3697,7.0048,12.4856,0.6006,8.9865,9.8082,Yes,5.83
2020-07-16,1523368.21,52.3368,7.4941,12.4477,0.6125,9.1047,20.4347,Yes,5.82
2020-07-17,1530269.07,53.0269,7.5813,12.5956,0.6012,9.1255,22.6376,Yes,5.82
2020-07-20,1525378.53,52.5379,7.5331,12.51,0.5902,9.1131,21.3232,Yes,5.81
2020-07-21,1508516.31,50.8516,7.3313,12.75,0.5704,9.0779,18.7882,Yes,5.81
2020-07-22,1506365.58,50.6366,7.3085,12.3183,0.58,9.089,18.228,Yes,5.81
2020-07-23,1504560.92,50.4561,7.2899,12.3402,0.6114,9.0708,18.4727,Yes,5.81
2020-07-24,1511494.49,51.1494,7.3786,12.7617,0.5897,8.9771,27.4124,Yes,5.8
2020-07-27,1505629.13,50.5629,7.3174,12.8759,0.5783,8.995,28.783,Yes,5.79
2020-07-28,1500430.71,50.0431,7.2569,12.7092,0.5547,8.9522,26.3908,Yes,5.79
2020-07-29,1493271.27,49.3271,7.1719,12.4655,0.5723,9.0742,19.8535,Yes,5.79
2020-07-30,1496077.85,49.6078,7.2102,12.4859,0.5544,9.0725,20.1899,Yes,5.79
2020-07-31,1485895.23,48.5895,7.0872,12.2665,0.5277,9.0205,16.9976,Yes,5.78
2020-08-03,1455330.07,45.533,6.7129,12.4463,0.5427,8.9257,9.0789,Yes,5.78
2020-08-04,1466345.54,46.6346,6.8556,12.5634,0.5185,8.9573,13.0322,Yes,5.77
2020-08-05,1452451.66,45.2452,6.6828,12.4427,0.5223,8.9477,11.4266,Yes,5.77
2020-08-06,1452712.4,45.2712,6.6894,11.9182,0.535,8.9519,12.4711,Yes,5.77
2020-08-07,1468841.59,46.8842,6.8973,11.5831,0.5434,9.0044,15.9381,Yes,5.76
2020-08-10,1470163.32,47.0163,6.9242,10.6038,0.5711,8.9865,15.2742,Yes,5.76
2020-08-11,1485114.7,48.5115,7.1158,10.8143,0.6013,8.9864,18.6552,Yes,5.75
2020-08-12,1508690.16,50.869,7.4131,10.953,0.5953,9.0093,21.3557,Yes,5.75
2020-08-13,1507375.49,50.7375,7.4005,10.9012,0.5874,9.0046,20.5634,Yes,5.75
2020-08-14,1501254.32,50.1254,7.3281,10.8252,0.5808,8.9965,19.2788,Yes,5.75
2020-08-17,1495269.27,49.5269,7.2642,10.7692,0.5663,8.986,18.2937,Yes,5.74
2020-08-18,1483986.59,48.3987,7.1262,10.4209,0.5884,8.9707,17.0338,Yes,5.73
2020-08-19,1494813.17,49.4813,7.2657,10.4971,0.6069,8.9844,20.2528,Yes,5.73
2020-08-20,1509891.7,50.9892,7.4574,10.5954,0.6003,9.0049,22.7071,Yes,5.73
2020-08-21,1507769.23,50.7769,7.4347,10.5727,0.605,9.0047,22.2719,Yes,5.73
2020-08-24,1510940.77,51.0941,7.4853,10.5191,0.6131,9.0045,22.023,Yes,5.72
2020-08-25,1513973.34,51.3973,7.5267,10.6801,0.6272,9.0151,23.9855,Yes,5.72
2020-08-26,1515229.26,51.5229,7.5461,10.7702,0.6027,8.8646,27.9651,Yes,5.71
2020-08-27,1514333.57,51.4334,7.5387,10.5723,0.6131,9.0238,24.8729,Yes,5.71
2020-08-28,1515085.04,51.5085,7.5518,10.5989,0.6066,9.029,25.2193,Yes,5.71
2020-08-31,1508580.0,50.858,7.4819,10.7671,0.5986,9.0226,24.3748,Yes,5.7
2020-09-01,1503908.01,50.3908,7.4271,10.7819,0.6059,9.0231,24.0771,Yes,5.7
2020-09-02,1508535.21,50.8535,7.4888,10.7695,0.6226,9.0214,24.3995,Yes,5.69
2020-09-03,1521698.4,52.1698,7.6568,10.6369,0.6263,9.04,26.2457,Yes,5.69
2020-09-04,1512407.68,51.2408,7.5447,10.7325,0.6346,8.8672,27.3227,Yes,5.69
2020-09-07,1519373.64,51.9374,7.6431,10.9749,0.6344,8.9001,30.4746,Yes,5.68
2020-09-08,1521660.38,52.166,7.6755,11.067,0.6514,8.9065,31.6473,Yes,5.68
2020-09-09,1531933.82,53.1934,7.8071,11.4235,0.6484,8.9546,36.3667,Yes,5.67
2020-09-10,1533227.55,53.3228,7.8271,11.5928,0.6345,8.9743,38.2723,Yes,5.67
2020-09-11,1526760.01,52.676,7.7506,11.3289,0.6261,8.9403,34.8671,Yes,5.67
2020-09-14,1518818.55,51.8819,7.663,11.0606,0.6239,8.9086,31.3097,Yes,5.66
2020-09-15,1513991.62,51.3992,7.6063,10.9512,0.6338,8.8958,29.7188,Yes,5.66
2020-09-16,1518123.94,51.8124,7.662,11.0517,0.6228,8.9106,31.1539,Yes,5.65
2020-09-17,1513873.11,51.3873,7.6125,10.7777,0.6194,8.8813,27.9387,Yes,5.65
2020-09-18,1518875.05,51.8875,7.6792,10.6458,0.6281,9.0512,26.0879,Yes,5.65
2020-09-21,1519804.46,51.9804,7.7025,10.6908,0.6422,9.0531,26.643,Yes,5.64
2020-09-22,1530412.27,53.0412,7.8393,10.6604,0.6382,9.06,27.3408,Yes,5.64
2020-09-23,1528447.42,52.8447,7.8187,10.5741,0.658,9.032,24.3165,Yes,5.64
2020-09-24,1538213.92,53.8214,7.9446,10.7299,0.6601,9.0519,26.899,Yes,5.63
2020-09-25,1531719.87,53.172,7.8675,10.7889,0.6669,8.8982,29.7738,Yes,5.63
2020-09-28,1537881.61,53.7882,7.9565,10.9659,0.6373,8.9064,32.2039,Yes,5.62
2020-09-29,1531698.86,53.1699,7.8832,10.6488,0.637,9.0474,27.3521,Yes,5.62
2020-09-30,1523617.51,52.3618,7.7856,10.6602,0.6229,9.0243,24.764,Yes,5.62
2020-10-09,1516013.27,51.6013,7.7248,10.4209,0.6164,8.996,20.7501,Yes,5.59
2020-10-12,1507144.43,50.7144,7.6235,10.4209,0.6195,8.9864,18.756,Yes,5.58
2020-10-13,1507385.95,50.7386,7.6305,10.4209,0.6301,8.984,18.1992,Yes,5.58
2020-10-14,1513307.38,51.3307,7.71,10.4209,0.6426,8.9876,18.908,Yes,5.58
2020-10-15,1519529.18,51.9529,7.7932,10.4209,0.6414,9.0093,21.7609,Yes,5.58
2020-10-16,1520717.67,52.0718,7.8123,10.5215,0.649,9.0189,23.0527,Yes,5.57
2020-10-19,1525449.54,52.545,7.8845,10.698,0.6419,9.0373,25.3514,Yes,5.56
2020-10-20,1524170.84,52.4171,7.8723,10.5916,0.654,9.0301,24.118,Yes,5.56
2020-10-21,1530798.94,53.0799,7.9606,10.5937,0.6603,9.0523,26.7127,Yes,5.56
2020-10-22,1524210.06,52.421,7.8809,10.7416,0.6726,8.8796,28.5901,Yes,5.56
2020-10-23,1533823.88,53.3824,8.0071,11.0249,0.662,8.9162,32.4438,Yes,5.55
2020-10-26,1531613.55,53.1614,7.9914,10.8608,0.6496,8.8964,30.5315,Yes,5.55
2020-10-27,1531897.77,53.1898,7.9991,10.6818,0.6491,9.0584,27.7397,Yes,5.54
2020-10-28,1527991.02,52.7991,7.9534,10.5394,0.6576,9.0491,25.8928,Yes,5.54
2020-10-29,1530061.99,53.0062,7.9839,10.6547,0.6668,9.0429,25.3596,Yes,5.54
2020-10-30,1538606.53,53.8607,8.0968,10.5483,0.6605,9.0586,26.9915,Yes,5.53
2020-11-02,1533479.98,53.348,8.044,10.5336,0.6418,9.0489,26.3568,Yes,5.53
2020-11-03,1520299.65,52.03,7.8794,10.4372,0.6407,9.0222,22.1628,Yes,5.52
2020-11-04,1516787.55,51.6788,7.8383,10.4209,0.6365,9.0199,21.3347,Yes,5.52
2020-11-05,1513972.07,51.3972,7.806,10.4209,0.6463,9.0135,19.9795,Yes,5.52
2020-11-06,1515577.39,51.5577,7.8308,10.5414,0.6267,9.0301,22.8012,Yes,5.52
2020-11-09,1508935.43,50.8935,7.7569,10.4209,0.6649,8.9897,19.1899,Yes,5.51
2020-11-10,1527434.77,52.7435,7.9998,10.4285,0.6789,9.0062,22.7594,Yes,5.5
2020-11-11,1539174.82,53.9175,8.1543,10.5278,0.6696,9.0367,26.8459,Yes,5.5
2020-11-12,1534056.47,53.4056,8.093,10.6056,0.6586,9.0247,25.2497,Yes,5.5
2020-11-13,1527713.74,52.7714,8.0158,10.4669,0.659,9.0157,23.1932,Yes,5.5
2020-11-16,1526118.05,52.6118,8.0077,10.4209,0.6676,9.0129,22.3363,Yes,5.49
2020-11-17,1529364.65,52.9365,8.0537,10.5016,0.6733,9.023,23.7165,Yes,5.48
2020-11-18,1534076.12,53.4076,8.1185,10.5548,0.6682,9.0321,24.7262,Yes,5.48
2020-11-19,1532775.7,53.2776,8.106,10.428,0.6731,9.0267,23.2757,Yes,5.48
2020-11-20,1533419.57,53.342,8.1185,10.4648,0.6765,9.0324,23.7242,Yes,5.48
2020-11-23,1534931.46,53.4931,8.1507,10.5558,0.6899,9.0369,24.8251,Yes,5.47
2020-11-24,1546321.53,54.6322,8.3013,10.4973,0.7063,9.037,25.2982,Yes,5.47
2020-11-25,1555450.62,55.5451,8.4224,10.6221,0.7033,9.0532,27.4988,Yes,5.46
2020-11-26,1554811.5,55.4811,8.4187,10.654,0.7008,9.0584,27.7798,Yes,5.46
2020-11-27,1553201.61,55.3202,8.4025,10.6471,0.7163,9.0552,27.5534,Yes,5.46
2020-11-30,1565097.96,56.5098,8.5676,10.5597,0.7073,9.0564,27.7639,Yes,5.45
2020-12-01,1558065.46,55.8065,8.4823,10.4625,0.701,9.0484,26.0575,Yes,5.45
2020-12-02,1550811.0,55.0811,8.3938,10.4915,0.6945,9.0494,25.6771,Yes,5.44
2020-12-03,1545648.56,54.5649,8.3318,10.5181,0.6957,9.052,25.4686,Yes,5.44
2020-12-04,1545801.78,54.5802,8.3382,10.5668,0.6959,9.0587,26.0011,Yes,5.44
2020-12-07,1546693.95,54.6694,8.3628,10.5473,0.6915,9.0609,25.8821,Yes,5.43
2020-12-08,1541510.25,54.151,8.3002,10.6576,0.706,9.0627,26.5539,Yes,5.43
2020-12-09,1542472.46,54.2472,8.317,10.6728,0.7102,8.9024,29.6775,Yes,5.42
2020-12-10,1547539.73,54.754,8.3869,10.6708,0.71,8.9088,30.1403,Yes,5.42
2020-12-11,1557613.38,55.7613,8.5212,10.6462,0.7075,9.0937,29.8751,Yes,5.42
2020-12-14,1555155.27,55.5155,8.503,10.5598,0.7106,9.0904,28.732,Yes,5.41
2020-12-15,1543999.79,54.4,8.3631,10.6751,0.7104,8.9167,29.854,Yes,5.41
2020-12-16,1544716.35,54.4716,8.3769,10.836,0.6974,8.9331,31.5964,Yes,5.41
2020-12-17,1538520.13,53.852,8.3007,10.7235,0.697,8.9225,29.8371,Yes,5.4
2020-12-18,1535615.55,53.5616,8.2672,10.771,0.6795,8.9219,30.0519,Yes,5.4
2020-12-21,1535183.61,53.5184,8.2746,10.6192,0.7054,9.0847,27.4708,Yes,5.39
2020-12-22,1536840.66,53.6841,8.3007,10.7823,0.6949,8.9208,30.2902,Yes,5.39
2020-12-23,1544683.44,54.4683,8.4075,10.6395,0.7092,9.0949,28.5888,Yes,5.39
2020-12-24,1538614.32,53.8614,8.3327,10.8645,0.6999,8.9339,31.3153,Yes,5.38
2020-12-25,1536080.54,53.6081,8.3039,10.8712,0.7036,8.9362,31.1421,Yes,5.38
2020-12-28,1537484.0,53.7484,8.3355,10.9597,0.7055,8.9482,32.1985,Yes,5.37
2020-12-29,1539755.07,53.9755,8.3698,10.953,0.6959,8.9504,32.3504,Yes,5.37
2020-12-30,1534449.54,53.445,8.3045,10.7638,0.6696,8.9105,29.8799,Yes,5.37
2021-01-04,1524150.41,52.415,8.1904,10.615,0.6735,9.0651,24.472,Yes,5.35
2021-01-05,1521157.31,52.1157,8.1551,10.6169,0.6771,9.0671,24.2069,Yes,5.35
2021-01-06,1522329.84,52.233,8.175,10.6911,0.6942,9.0681,25.0968,Yes,5.35
2021-01-07,1534777.02,53.4777,8.3443,10.6806,0.6985,9.0906,28.0913,Yes,5.35
2021-01-08,1538460.09,53.846,8.3974,10.6753,0.7093,9.0926,28.3887,Yes,5.34
2021-01-11,1545816.17,54.5816,8.5078,10.6833,0.7015,9.0834,27.2887,Yes,5.33
2021-01-12,1540307.47,54.0307,8.4397,10.6085,0.7028,9.08,25.9691,Yes,5.33
2021-01-13,1539685.56,53.9686,8.436,10.5954,0.6915,9.0794,25.7729,Yes,5.33
2021-01-14,1534968.35,53.4968,8.3781,10.4209,0.6951,9.0633,22.3096,Yes,5.33
2021-01-15,1531927.74,53.1928,8.3422,10.4209,0.6841,9.0645,22.2829,Yes,5.32
2021-01-18,1518623.0,51.8623,8.178,10.522,0.6914,9.0352,19.5037,Yes,5.32
2021-01-19,1532597.37,53.2597,8.369,10.4209,0.682,9.0641,22.5931,Yes,5.31
2021-01-20,1516230.29,51.623,8.1546,10.5407,0.671,9.0368,19.4872,Yes,5.31
2021-01-21,1520415.9,52.0416,8.2152,10.4209,0.6834,9.054,19.4202,Yes,5.31
2021-01-22,1512967.74,51.2968,8.1195,10.5333,0.6713,9.042,19.0969,Yes,5.3
2021-01-25,1512838.75,51.2839,8.1308,10.4458,0.6796,9.0395,18.1204,Yes,5.3
2021-01-26,1523608.96,52.3609,8.2802,10.4209,0.699,9.0625,19.7298,Yes,5.29
2021-01-27,1529344.62,52.9345,8.3616,10.4209,0.7132,9.0683,21.3783,Yes,5.29
2021-01-28,1537555.49,53.7555,8.4759,10.4934,0.7051,9.0884,24.5191,Yes,5.29
2021-01-29,1535135.66,53.5136,8.4482,10.512,0.6994,9.0915,24.4862,Yes,5.28
2021-02-01,1530435.04,53.0435,8.3988,10.5587,0.697,9.0958,24.5284,Yes,5.28
2021-02-02,1530817.46,53.0817,8.4085,10.4209,0.7179,9.0844,23.0928,Yes,5.27
2021-02-03,1540644.41,54.0644,8.5448,10.5605,0.7251,9.0978,25.5293,Yes,5.27
2021-02-04,1546754.67,54.6755,8.631,10.6415,0.7402,9.1023,26.9745,Yes,5.27
2021-02-05,1558920.92,55.8921,8.7974,10.5757,0.7307,9.119,29.3211,Yes,5.27
2021-02-08,1552596.33,55.2596,8.7276,10.5107,0.7092,9.1034,28.0412,Yes,5.26
2021-02-09,1536569.54,53.657,8.5179,10.4501,0.7093,9.0832,23.9875,Yes,5.25
2021-02-10,1534757.33,53.4757,8.4981,10.4209,0.7311,9.0738,23.1814,Yes,5.25
2021-02-18,1549233.12,54.9233,8.7302,10.4209,0.7361,9.0788,23.809,Yes,5.23
2021-02-19,1551534.46,55.1534,8.7659,10.4209,0.7452,9.0811,23.9679,Yes,5.23
2021-02-22,1553437.87,55.3438,8.8058,10.6156,0.7327,9.1019,27.3564,Yes,5.22
2021-02-23,1548585.79,54.8586,8.7454,10.654,0.744,9.1026,27.3004,Yes,5.22
2021-02-24,1556830.83,55.6831,8.861,10.6214,0.7557,9.1179,29.6206,Yes,5.21
2021-02-25,1554111.1,55.4111,8.8293,10.7,0.7741,8.9326,31.1501,Yes,5.21
2021-02-26,1566850.01,56.685,9.0049,10.811,0.7608,8.9492,33.5368,Yes,5.21
2021-03-01,1571942.11,57.1942,9.0878,10.5534,0.7795,9.1156,30.336,Yes,5.2
2021-03-02,1580815.05,58.0815,9.211,10.5298,0.7749,9.1205,30.9238,Yes,5.2
2021-03-03,1577058.19,57.7058,9.1661,10.4965,0.7959,9.1121,30.2155,Yes,5.19
2021-03-04,1578130.39,57.813,9.1854,10.722,0.7951,8.9482,33.681,Yes,5.19
2021-03-05,1581580.46,58.158,9.2365,10.6372,0.8152,8.9396,33.1099,Yes,5.19
2021-03-08,1589080.76,58.9081,9.3516,11.1001,0.829,8.9729,38.7854,Yes,5.18
2021-03-09,1601832.62,60.1833,9.5257,11.4546,0.8154,9.0113,43.8984,Yes,5.18
2021-03-10,1596223.92,59.6224,9.4568,11.4783,0.7958,9.0059,43.5951,Yes,5.18
2021-03-11,1583908.13,58.3908,9.2982,11.2299,0.812,8.9802,39.6785,Yes,5.17
2021-03-12,1591639.03,59.1639,9.4064,11.2203,0.8252,8.983,40.3403,Yes,5.17
2021-03-15,1597176.62,59.7177,9.4957,11.5695,0.8192,9.0183,44.692,Yes,5.16
2021-03-16,1597009.93,59.701,9.4987,11.6037,0.8091,9.023,45.0504,Yes,5.16
2021-03-17,1590769.53,59.077,9.4209,11.4873,0.8051,9.0132,43.1531,Yes,5.16
2021-03-18,1585795.15,58.5795,9.3596,11.4826,0.8127,9.0129,42.6031,Yes,5.15
2021-03-19,1590155.99,59.0156,9.4232,11.5488,0.8096,9.0241,43.7634,Yes,5.15
2021-03-22,1589572.68,58.9573,9.4311,11.432,0.8135,9.0176,42.4372,Yes,5.14
2021-03-23,1589723.18,58.9723,9.4384,11.4971,0.8205,9.0253,43.1609,Yes,5.14
2021-03-24,1594169.23,59.4169,9.5032,11.6174,0.818,9.0412,44.9221,Yes,5.14
2021-03-25,1593340.8,59.3341,9.4974,11.6439,0.8028,9.042,45.1285,Yes,5.13
2021-03-26,1585140.35,58.514,9.3926,11.3265,0.812,9.0152,40.8608,Yes,5.13
2021-03-29,1586261.97,58.6262,9.4235,11.3775,0.8203,9.0217,41.5246,Yes,5.12
2021-03-30,1592903.52,59.2904,9.5181,11.3416,0.8281,9.0243,41.7998,Yes,5.12
2021-03-31,1598059.85,59.806,9.5926,11.2944,0.81,9.018,41.801,Yes,5.12
2021-04-01,1583911.86,58.3912,9.4076,11.2332,0.7899,8.9999,39.7398,Yes,5.12
2021-04-02,1569966.2,56.9966,9.2238,11.0276,0.8004,8.98,36.1735,Yes,5.11
2021-04-06,1573878.39,57.3878,9.2978,11.0242,0.7972,8.9849,36.5201,Yes,5.1
2021-04-07,1571119.29,57.1119,9.2654,11.0279,0.7991,8.9876,36.2925,Yes,5.1
2021-04-08,1571454.18,57.1454,9.2752,11.0934,0.8043,8.9957,37.0234,Yes,5.1
2021-04-09,1573931.0,57.3931,9.3142,11.2764,0.8185,9.0087,39.2235,Yes,5.09
2021-04-12,1584001.9,58.4002,9.4672,11.4736,0.8213,9.032,42.3524,Yes,5.08
2021-04-13,1588554.22,58.8554,9.5343,11.4535,0.8105,9.0332,42.593,Yes,5.08
2021-04-14,1580627.17,58.0627,9.4319,11.3868,0.808,9.0278,41.0802,Yes,5.08
2021-04-15,1578243.59,57.8244,9.4047,11.3107,0.8003,9.0225,40.0258,Yes,5.08
2021-04-16,1571677.02,57.1677,9.3201,11.2632,0.7872,9.0152,38.8675,Yes,5.07
2021-04-19,1562827.81,56.2828,9.2141,11.1008,0.8001,9.0,36.2692,Yes,5.07
2021-04-20,1568700.88,56.8701,9.3003,11.131,0.7956,9.0084,37.1672,Yes,5.06
2021-04-21,1564913.54,56.4914,9.2533,11.2025,0.7859,9.0149,37.5561,Yes,5.06
2021-04-22,1560128.55,56.0129,9.1924,11.0644,0.7882,9.0055,35.6246,Yes,5.06
2021-04-23,1559941.84,55.9942,9.1951,11.0009,0.7918,9.004,34.9375,Yes,5.05
2021-04-26,1561585.73,56.1586,9.2335,10.9557,0.794,9.0048,34.6215,Yes,5.05
2021-04-27,1561773.43,56.1773,9.2414,10.9829,0.7916,9.0108,34.9287,Yes,5.04
2021-04-28,1561412.92,56.1413,9.2416,10.867,0.7927,9.0052,33.6731,Yes,5.04
2021-04-29,1559852.16,55.9852,9.2252,10.8829,0.7966,9.0091,33.6913,Yes,5.04
2021-04-30,1562452.04,56.2452,9.2665,10.8763,0.7939,9.0134,33.8749,Yes,5.04
2021-05-06,1558575.0,55.8575,9.2442,11.0292,0.8056,9.0229,35.1128,Yes,5.02
2021-05-07,1564552.49,56.4552,9.3328,11.439,0.8004,9.0621,40.0547,Yes,5.02
2021-05-10,1565225.75,56.5226,9.3582,11.5308,0.7977,9.0738,41.1054,Yes,5.01
2021-05-11,1564505.2,56.4505,9.3535,11.4995,0.7917,9.0738,40.6992,Yes,5.01
2021-05-12,1560317.24,56.0317,9.3003,11.4058,0.7946,9.0681,39.2821,Yes,5.0
2021-05-13,1561131.08,56.1131,9.317,11.3511,0.7817,9.0635,38.7831,Yes,5.0
2021-05-14,1552644.87,55.2645,9.2032,11.1778,0.7672,9.0424,36.1091,Yes,5.0
2021-05-17,1541413.72,54.1414,9.0602,11.0053,0.7706,9.0278,33.2022,Yes,4.99
2021-05-18,1540040.23,54.004,9.0459,11.0883,0.767,9.0376,33.9355,Yes,4.99
2021-05-19,1538598.94,53.8599,9.0306,11.058,0.7663,9.0384,33.4809,Yes,4.98
2021-05-20,1537609.86,53.761,9.0217,11.032,0.7737,9.0386,33.1147,Yes,4.98
2021-05-21,1540749.35,54.0749,9.0716,11.1439,0.7632,9.0513,34.5908,Yes,4.98
2021-05-24,1535856.61,53.5857,9.0175,11.0377,0.7519,9.0406,33.0066,Yes,4.97
2021-05-25,1529437.49,52.9437,8.9308,10.7291,0.7562,9.0179,29.1964,Yes,4.97
2021-05-26,1526780.04,52.678,8.8978,10.8097,0.7445,9.0245,29.7727,Yes,4.96
2021-05-27,1532769.1,53.2769,8.9889,10.544,0.756,9.2081,26.6409,Yes,4.96
2021-05-28,1534409.61,53.441,9.0176,10.6319,0.728,9.2008,27.7126,Yes,4.96
2021-05-31,1518409.17,51.8409,8.8026,10.4777,0.7231,9.1786,22.6995,Yes,4.95
2021-06-01,1512547.11,51.2547,8.7226,10.4209,0.7503,9.164,21.1979,Yes,4.95
2021-06-02,1525815.59,52.5816,8.9199,10.5402,0.7555,9.1767,24.06,Yes,4.95
2021-06-03,1530693.46,53.0693,8.9954,10.5985,0.7548,9.1845,25.1399,Yes,4.94
2021-06-04,1533039.61,53.304,9.0344,10.4352,0.7542,9.1812,23.6549,Yes,4.94
2021-06-07,1529538.78,52.9539,8.9996,10.45,0.7564,9.1847,23.4787,Yes,4.93
2021-06-08,1529173.82,52.9174,8.9995,10.5736,0.7509,9.194,24.7395,Yes,4.93
2021-06-09,1527827.4,52.7827,8.9852,10.5168,0.7453,9.194,24.0188,Yes,4.93
2021-06-10,1525057.96,52.5058,8.9503,10.4209,0.7502,9.1897,22.0451,Yes,4.92
2021-06-11,1523618.2,52.3618,8.9346,10.4807,0.7537,9.198,23.2456,Yes,4.92
2021-06-15,1529558.72,52.9559,9.0418,10.4209,0.7756,9.1897,22.2308,Yes,4.91
2021-06-16,1537424.98,53.7425,9.1611,10.6037,0.7525,9.2018,25.8574,Yes,4.91
2021-06-17,1524546.29,52.4546,8.9794,10.5048,0.7517,9.1684,20.1312,Yes,4.9
2021-06-18,1523221.24,52.3221,8.9653,10.4537,0.7404,9.1505,18.4282,Yes,4.9
2021-06-21,1515955.21,51.5955,8.8746,10.4209,0.7433,9.1471,15.8377,Yes,4.89
2021-06-22,1514910.84,51.4911,8.8644,10.4209,0.7376,9.1519,16.1999,Yes,4.89
2021-06-23,1512330.2,51.233,8.8316,10.4209,0.7543,9.1482,15.3716,Yes,4.89
2021-06-24,1520777.12,52.0777,8.9609,10.4209,0.7423,9.1558,17.6327,Yes,4.88
2021-06-25,1515149.16,51.5149,8.8835,10.4209,0.7337,9.151,15.3303,Yes,4.88
2021-06-28,1506165.38,50.6165,8.7663,10.4209,0.736,9.1364,13.2546,Yes,4.87
2021-06-29,1507815.14,50.7815,8.7959,10.4209,0.732,9.1402,13.32,Yes,4.87
2021-06-30,1507435.86,50.7436,8.7954,10.4209,0.7333,9.1381,11.455,Yes,4.87
2021-07-01,1503652.7,50.3653,8.7444,10.4209,0.746,9.1392,12.0485,Yes,4.87
2021-07-02,1512735.4,51.2735,8.8843,10.4209,0.7291,9.1591,15.0823,Yes,4.86
2021-07-05,1501686.17,50.1686,8.7357,10.4209,0.7408,9.1403,12.3265,Yes,4.85
2021-07-06,1507875.01,50.7875,8.833,10.4209,0.7253,9.1618,15.4851,Yes,4.85
2021-07-07,1498569.37,49.8569,8.6994,10.4209,0.7127,9.1419,12.7462,Yes,4.85
2021-07-08,1492848.78,49.2849,8.6188,10.4209,0.7272,9.136,9.8941,Yes,4.85
2021-07-09,1495676.17,49.5676,8.6663,10.4209,0.7183,9.1448,11.7719,Yes,4.84
2021-07-12,1493669.58,49.367,8.6515,10.4209,0.7225,9.1452,10.5232,Yes,4.84
2021-07-13,1493221.31,49.3221,8.6498,10.4209,0.733,9.148,11.2616,Yes,4.83
2021-07-14,1501160.08,50.116,8.7743,10.4209,0.727,9.17,13.71,Yes,4.83
2021-07-15,1497094.87,49.7095,8.7184,10.4209,0.7427,9.1679,13.4198,Yes,4.83
2021-07-16,1503932.44,50.3932,8.8263,10.4429,0.7486,9.177,16.0574,Yes,4.82
2021-07-19,1510928.39,51.0928,8.9469,10.4209,0.7425,9.1808,16.9046,Yes,4.82
2021-07-20,1505104.06,50.5104,8.8649,10.4504,0.7274,9.1805,16.2561,Yes,4.81
2021-07-21,1496242.79,49.6243,8.7366,10.4209,0.7283,9.1638,13.0623,Yes,4.81
2021-07-22,1496869.38,49.6869,8.7513,10.4209,0.736,9.1642,11.8836,Yes,4.81
2021-07-23,1497842.0,49.7842,8.7712,10.4209,0.7345,9.1716,13.2177,Yes,4.81
2021-07-26,1500987.23,50.0987,8.8344,10.4209,0.7478,9.1865,13.6911,Yes,4.8
2021-07-27,1506457.71,50.6458,8.9223,10.4209,0.7512,9.1925,14.5512,Yes,4.79
2021-07-28,1507248.58,50.7249,8.9395,10.4209,0.721,9.1833,16.5565,Yes,4.79
2021-07-29,1490014.35,49.0014,8.6836,10.4209,0.7218,9.1639,11.4376,Yes,4.79
2021-07-30,1488022.37,48.8022,8.6584,10.4209,0.7266,9.1669,11.2447,Yes,4.79
2021-08-02,1491834.16,49.1834,8.7321,10.4209,0.7427,9.1656,10.6706,Yes,4.78
2021-08-03,1497384.41,49.7384,8.8219,10.4209,0.7216,9.17,13.1668,Yes,4.78
2021-08-04,1489756.41,48.9756,8.7108,10.4209,0.729,9.167,10.2281,Yes,4.77
2021-08-05,1490539.24,49.0539,8.728,10.4209,0.7398,9.1687,10.3028,Yes,4.77
2021-08-06,1495711.41,49.5711,8.8123,10.4209,0.7601,9.1659,11.5634,Yes,4.77
2021-08-09,1509625.79,50.9626,9.0401,10.4209,0.7591,9.1721,12.4304,Yes,4.76
2021-08-10,1509386.12,50.9386,9.0419,10.4209,0.7662,9.1735,11.4565,Yes,4.76
2021-08-11,1511283.08,51.1283,9.0762,10.4209,0.7566,9.1777,12.1206,Yes,4.75
2021-08-12,1505593.48,50.5593,8.995,10.4209,0.7687,9.1773,11.5755,Yes,4.75
2021-08-13,1509909.85,50.991,9.0662,10.4209,0.7611,9.1866,13.9985,Yes,4.75
2021-08-16,1510259.24,51.0259,9.0879,10.4209,0.7737,9.2015,14.3557,Yes,4.74
2021-08-17,1513306.55,51.3307,9.1399,10.4209,0.7697,9.2108,17.2868,Yes,4.74
2021-08-18,1512997.31,51.2997,9.1407,10.4209,0.7568,9.2118,17.3846,Yes,4.73
2021-08-19,1506746.65,50.6747,9.0507,10.4209,0.7658,9.2101,14.4904,Yes,4.73
2021-08-20,1508055.03,50.8055,9.0762,10.4209,0.7511,9.2141,15.765,Yes,4.73
2021-08-23,1499598.89,49.9599,8.9629,10.4209,0.7424,9.1987,13.1727,Yes,4.72
2021-08-24,1494095.77,49.4096,8.8834,10.4209,0.7615,9.1941,12.1744,Yes,4.72
2021-08-25,1505505.0,50.5505,9.0646,10.4209,0.7833,9.2065,14.7378,Yes,4.72
2021-08-26,1518325.24,51.8325,9.2666,10.4209,0.7833,9.2288,18.2196,Yes,4.71
2021-08-27,1516718.7,51.6719,9.2476,10.4209,0.782,9.2357,19.5792,Yes,4.71
2021-08-30,1525240.16,52.524,9.3948,10.4209,0.8063,9.253,20.2991,Yes,4.7
2021-08-31,1530596.4,53.0596,9.4822,10.4209,0.8087,9.2622,22.8267,Yes,4.7
2021-09-01,1533120.45,53.312,9.5264,10.4209,0.8177,9.2668,24.2501,Yes,4.7
2021-09-02,1537875.26,53.7875,9.6045,10.4209,0.8144,9.2763,26.4859,Yes,4.69
2021-09-03,1537972.09,53.7972,9.6119,10.4209,0.7956,9.2724,26.3587,Yes,4.69
2021-09-06,1528197.42,52.8197,9.4803,10.4209,0.8042,9.2685,23.0127,Yes,4.68
2021-09-07,1529966.19,52.9966,9.5132,10.4209,0.8236,9.2654,23.0492,Yes,4.68
2021-09-08,1539748.87,53.9749,9.6684,10.4209,0.8286,9.2733,25.3004,Yes,4.68
2021-09-09,1543702.12,54.3702,9.7345,10.4209,0.8139,9.2758,26.2415,Yes,4.67
2021-09-10,1536393.93,53.6394,9.6291,10.4209,0.8402,9.2647,24.0629,Yes,4.67
2021-09-13,1549033.6,54.9034,9.8397,10.4209,0.8319,9.2802,27.8607,Yes,4.66
2021-09-14,1543740.06,54.374,9.7651,10.4209,0.8346,9.2778,26.7406,Yes,4.66
2021-09-15,1547040.08,54.704,9.8214,10.4209,0.8565,9.2796,27.8527,Yes,4.66
2021-09-16,1547178.84,54.7179,9.8296,10.4209,0.8614,9.085,30.9837,Yes,4.65
2021-09-17,1552148.52,55.2149,9.9114,10.4209,0.8524,9.0876,31.1526,Yes,4.65
2021-09-22,1545301.59,54.5302,9.8374,10.4209,0.8541,9.0898,30.6111,Yes,4.64
2021-09-23,1557356.33,55.7356,10.0277,10.4209,0.8546,9.2971,29.7964,Yes,4.64
2021-09-24,1558168.54,55.8169,10.0463,10.4209,0.8586,9.2989,28.738,Yes,4.63
2021-09-27,1557959.55,55.796,10.0619,10.4209,0.8706,9.3007,29.3314,Yes,4.62
2021-09-28,1555270.0,55.527,10.027,10.4209,0.8749,9.1015,30.7254,Yes,4.62
2021-09-29,1556632.24,55.6632,10.0541,10.4209,0.8664,9.1084,31.5341,Yes,4.62
2021-09-30,1564046.36,56.4046,10.1737,10.4209,0.8635,9.3115,29.329,Yes,4.62
2021-10-08,1558836.68,55.8837,10.1446,10.4209,0.8711,9.3147,29.7326,Yes,4.59
2021-10-11,1553470.33,55.347,10.0809,10.4209,0.8821,9.1142,31.1442,Yes,4.59
2021-10-12,1557471.16,55.7471,10.149,10.4209,0.8658,9.1299,34.164,Yes,4.58
2021-10-13,1552010.3,55.201,10.0709,10.4209,0.8607,9.1211,31.6326,Yes,4.58
2021-10-14,1545251.97,54.5252,9.9724,10.4209,0.8541,9.1243,31.3879,Yes,4.58
2021-10-15,1542606.02,54.2606,9.9374,10.4209,0.871,9.1175,29.8558,Yes,4.58
2021-10-18,1550738.12,55.0738,10.0828,10.4209,0.8626,9.1244,30.8724,Yes,4.57
2021-10-19,1556301.72,55.6302,10.1756,10.4209,0.8624,9.3321,29.5112,Yes,4.56
2021-10-20,1556264.29,55.6264,10.1814,10.4209,0.8662,9.3349,28.8698,Yes,4.56
2021-10-21,1546064.19,54.6064,10.029,10.4209,0.8607,9.1325,29.9281,Yes,4.56
2021-10-22,1552967.43,55.2967,10.143,10.4209,0.8565,9.344,29.3838,Yes,4.56
2021-10-25,1551701.09,55.1701,10.1425,10.4209,0.8586,9.346,28.2428,Yes,4.55
2021-10-26,1550594.55,55.0595,10.1316,10.4209,0.8691,9.3482,28.6326,Yes,4.55
2021-10-27,1546608.39,54.6608,10.0756,10.4209,0.866,9.1463,29.9842,Yes,4.54
2021-10-28,1543316.96,54.3317,10.0303,10.4209,0.8501,9.1494,30.5057,Yes,4.54
2021-10-29,1545694.73,54.5695,10.074,10.4209,0.8525,9.3499,26.7837,Yes,4.54
2021-11-01,1546196.6,54.6197,10.1011,10.4209,0.85,9.3525,26.0602,Yes,4.53
2021-11-02,1542828.24,54.2828,10.0545,10.4209,0.8583,9.355,25.9317,Yes,4.53
2021-11-03,1547804.58,54.7805,10.1392,10.4209,0.8562,9.3603,26.4797,Yes,4.52
2021-11-04,1547459.42,54.7459,10.1403,10.4209,0.8564,9.3626,25.4763,Yes,4.52
2021-11-05,1543653.5,54.3654,10.0867,10.4209,0.8447,9.3682,26.7344,Yes,4.52
2021-11-08,1537849.82,53.785,10.014,10.4209,0.8337,9.3698,26.3673,Yes,4.51
2021-11-09,1532320.69,53.2321,9.9325,10.4209,0.837,9.3708,24.6136,Yes,4.51
2021-11-10,1532248.25,53.2248,9.9377,10.4209,0.8209,9.3699,24.6186,Yes,4.5
2021-11-11,1522382.97,52.2383,9.7864,10.4209,0.821,9.3717,23.1707,Yes,4.5
2021-11-12,1521498.27,52.1498,9.7785,10.4209,0.8275,9.3747,22.9135,Yes,4.5
2021-11-15,1524343.9,52.4344,9.8429,10.4209,0.8291,9.3801,23.5619,Yes,4.49
2021-11-16,1524221.3,52.4221,9.8472,10.4209,0.8238,9.3862,24.5464,Yes,4.49
2021-11-17,1523479.21,52.3479,9.8416,10.4209,0.8303,9.3877,23.2557,Yes,4.48
2021-11-18,1524113.81,52.4114,9.8581,10.4209,0.8209,9.3932,24.3107,Yes,4.48
2021-11-19,1521250.72,52.1251,9.8183,10.4209,0.8157,9.3928,22.5198,Yes,4.48
2021-11-22,1519301.65,51.9302,9.8057,10.4209,0.8369,9.3876,19.6055,Yes,4.47
2021-11-23,1528550.21,52.855,9.9613,10.4209,0.844,9.3917,19.9081,Yes,4.47
2021-11-24,1531593.94,53.1594,10.0167,10.4209,0.8462,9.3965,20.2362,Yes,4.47
2021-11-25,1532187.59,53.2188,10.0327,10.4209,0.8446,9.4015,20.5763,Yes,4.46
2021-11-26,1529956.44,52.9956,10.0032,10.4209,0.8403,9.4071,21.2486,Yes,4.46
2021-11-29,1529497.92,52.9498,10.0152,10.4209,0.8431,9.4098,20.3176,Yes,4.45
2021-11-30,1521521.73,52.1522,9.8924,10.4209,0.8428,9.3949,19.952,Yes,4.45
2021-12-01,1535105.5,53.5105,10.1187,10.4209,0.8684,9.4132,21.5357,Yes,4.45
2021-12-02,1541893.11,54.1893,10.2346,10.4209,0.8604,9.4213,23.8298,Yes,4.44
2021-12-03,1540444.37,54.0444,10.2179,10.4209,0.8763,9.42,22.5156,Yes,4.44
2021-12-06,1543963.19,54.3963,10.2946,10.4209,0.8787,9.4283,25.92,Yes,4.43
2021-12-07,1547913.77,54.7914,10.3649,10.4209,0.8648,9.4327,27.4003,Yes,4.43
2021-12-08,1542529.35,54.2529,10.2848,10.4209,0.8636,9.4328,25.0657,Yes,4.43
2021-12-09,1540934.11,54.0934,10.2657,10.4209,0.8691,9.4344,23.3963,Yes,4.42
2021-12-10,1542010.64,54.2011,10.2898,10.4209,0.8615,9.4375,23.2948,Yes,4.42
2021-12-13,1537048.19,53.7048,10.2294,10.4209,0.865,9.4404,22.4416,Yes,4.41
2021-12-14,1537591.61,53.7592,10.2449,10.4209,0.8782,9.4416,22.9722,Yes,4.41
2021-12-15,1545266.04,54.5266,10.3761,10.4209,0.8709,9.4473,24.2296,Yes,4.41
2021-12-16,1540373.02,54.0373,10.3035,10.4209,0.8744,9.4513,24.1399,Yes,4.41
2021-12-17,1539489.47,53.9489,10.2958,10.4209,0.8865,9.4536,26.524,Yes,4.4
2021-12-20,1538994.98,53.8995,10.308,10.4209,0.8863,9.2544,29.7804,Yes,4.39
2021-12-21,1549874.49,54.9874,10.4918,10.4209,0.8888,9.4699,28.7707,Yes,4.39
2021-12-22,1550720.67,55.0721,10.5125,10.4209,0.8827,9.4736,28.7352,Yes,4.39
2021-12-23,1545758.11,54.5758,10.4386,10.4209,0.889,9.4769,28.6474,Yes,4.39
2021-12-24,1538320.68,53.8321,10.324,10.4209,0.8901,9.2722,30.2795,Yes,4.38
2021-12-27,1539030.01,53.903,10.356,10.4209,0.8819,9.2768,30.5769,Yes,4.38
2021-12-28,1534841.9,53.4842,10.2941,10.4209,0.8941,9.2738,29.2438,Yes,4.37
2021-12-29,1539761.73,53.9762,10.3817,10.4209,0.887,9.2827,30.5212,Yes,4.37
2021-12-30,1547807.26,54.7807,10.5203,10.4209,0.8927,9.4955,28.6856,Yes,4.37
2022-01-04,1538764.35,53.8764,10.4064,10.4209,0.9061,9.2842,29.682,Yes,4.35
2022-01-05,1543793.14,54.3793,10.4961,10.4209,0.912,9.2989,32.7609,Yes,4.35
2022-01-06,1549353.26,54.9353,10.5945,10.4209,0.9235,9.3048,34.0071,Yes,4.35
2022-01-07,1555740.64,55.5741,10.7063,10.4209,0.9154,9.3146,35.5923,Yes,4.35
2022-01-10,1552283.72,55.2284,10.6708,10.4209,0.9237,9.313,34.2783,Yes,4.34
2022-01-11,1553557.28,55.3557,10.6989,10.4209,0.9057,9.3246,36.7538,Yes,4.33
2022-01-12,1546162.12,54.6162,10.5841,10.4209,0.9183,9.3183,34.4736,Yes,4.33
2022-01-13,1549829.45,54.9829,10.6517,10.4209,0.9072,9.3311,36.7275,Yes,4.33
2022-01-14,1546135.11,54.6135,10.5977,10.4209,0.9014,9.3268,34.8897,Yes,4.33
2022-01-17,1542753.37,54.2753,10.5629,10.4209,0.906,9.3207,32.2666,Yes,4.32
2022-01-18,1542705.1,54.2705,10.5691,10.4209,0.9141,9.3224,31.8687,Yes,4.32
2022-01-19,1545055.86,54.5056,10.6152,10.4209,0.9111,9.3343,33.6879,Yes,4.31
2022-01-20,1542800.11,54.28,10.5848,10.4209,0.916,9.3454,35.5372,Yes,4.31
2022-01-21,1546505.98,54.6506,10.6535,10.4209,0.9073,9.3559,37.1775,Yes,4.31
2022-01-24,1543630.27,54.363,10.627,10.4209,0.9253,9.3486,35.359,Yes,4.3
2022-01-25,1549831.3,54.9831,10.7375,10.4209,0.9203,9.3663,38.6172,Yes,4.3
2022-01-26,1549145.33,54.9145,10.7332,10.4209,0.9529,9.3524,38.6869,Yes,4.29
2022-01-27,1565972.17,56.5972,11.0197,10.4209,0.9587,9.3695,42.69,Yes,4.29
2022-01-28,1570529.04,57.0529,11.1023,10.4209,0.9521,9.3785,44.0052,Yes,4.29
2022-02-07,1566896.86,56.6897,11.1172,10.4209,0.9641,9.3788,43.4923,Yes,4.26
2022-02-08,1571374.5,57.1375,11.1992,10.4209,0.9535,9.3972,47.0156,Yes,4.26
2022-02-09,1567570.89,56.7571,11.1435,10.4209,0.9654,9.3967,46.2586,Yes,4.25
2022-02-10,1572477.22,57.2477,11.2328,10.4209,0.9771,9.408,48.9776,Yes,4.25
2022-02-11,1580073.8,58.0074,11.3666,10.4209,0.9647,9.4195,51.3477,Yes,4.25
2022-02-14,1572629.33,57.2629,11.2659,10.4209,0.9397,9.4146,51.3668,Yes,4.24
2022-02-15,1558971.29,55.8971,11.0448,10.4209,0.9576,9.3999,47.1292,Yes,4.24
2022-02-16,1566817.22,56.6817,11.1841,10.4209,0.9467,9.4035,47.8126,Yes,4.24
2022-02-17,1559826.29,55.9826,11.0743,10.4209,0.9446,9.4041,46.5571,Yes,4.23
2022-02-18,1557229.51,55.723,11.0381,10.4209,0.9513,9.4099,46.9769,Yes,4.23
2022-02-21,1560747.51,56.0748,11.1201,10.4209,0.9478,9.4196,48.3031,Yes,4.22
2022-02-22,1558157.91,55.8158,11.084,10.4209,0.9262,9.4229,49.5079,Yes,4.22
2022-02-23,1548998.96,54.8999,10.9363,10.4209,0.9285,9.4044,43.7885,Yes,4.22
2022-02-24,1544024.2,54.4024,10.8592,10.4209,0.9194,9.4178,45.6924,Yes,4.21
2022-02-25,1542202.99,54.2203,10.8355,10.4209,0.9239,9.4098,42.6528,Yes,4.21
2022-02-28,1542540.96,54.2541,10.8636,10.4209,0.9316,9.4094,41.6588,Yes,4.2
2022-03-01,1544966.83,54.4967,10.9126,10.4209,0.9262,9.4185,42.8668,Yes,4.2
2022-03-02,1541368.82,54.1369,10.8585,10.4209,0.9383,9.4244,43.8819,Yes,4.2
2022-03-03,1547974.85,54.7975,10.979,10.4209,0.9376,9.4381,46.315,Yes,4.19
2022-03-04,1548156.96,54.8157,10.9897,10.4209,0.9408,9.4458,47.1335,Yes,4.19
2022-03-07,1548228.99,54.8229,11.0137,10.4209,0.9404,9.4684,51.2968,Yes,4.18
2022-03-08,1548914.62,54.8915,11.033,10.4209,0.9329,9.4927,55.6755,No,4.18
2022-03-09,1546332.05,54.6332,10.9963,10.4209,0.9394,9.5017,56.6991,No,4.18
2022-03-10,1552041.91,55.2042,11.1019,10.4209,0.9387,9.4893,53.4777,Yes,4.18
2022-03-11,1548913.22,54.8913,11.0559,10.4209,0.9649,9.4787,52.4399,Yes,4.17
2022-03-14,1561448.38,56.1448,11.2941,10.4209,0.9963,9.4799,57.1673,No,4.16
2022-03-15,1579987.84,57.9988,11.6181,10.4209,0.9808,9.4972,61.8889,No,4.16
2022-03-16,1573485.63,57.3486,11.5155,10.4209,0.9689,9.4784,57.2786,Yes,4.16
2022-03-17,1563557.84,56.3558,11.3538,10.4209,0.9694,9.4757,54.9074,Yes,4.16
2022-03-18,1562519.87,56.252,11.3439,10.4209,0.9674,9.4798,54.6897,Yes,4.15
2022-03-21,1561291.77,56.1292,11.3465,10.4209,0.9757,9.4792,53.6151,Yes,4.15
2022-03-22,1564020.53,56.4021,11.4014,10.4209,0.9722,9.4937,56.0539,Yes,4.14
2022-03-23,1563586.92,56.3587,11.4019,10.4209,0.9726,9.4928,54.7211,Yes,4.14
2022-03-24,1561856.93,56.1857,11.38,10.4209,0.9837,9.5007,56.0192,Yes,4.14
2022-03-25,1567555.05,56.7555,11.4861,10.4209,0.9978,9.5151,59.9247,No,4.13
2022-03-28,1576767.99,57.6768,11.6688,10.4209,1.0075,9.5251,62.2895,No,4.13
2022-03-29,1582464.03,58.2464,11.7747,10.4209,0.989,9.5294,63.9127,No,4.12
2022-03-30,1572746.45,57.2746,11.616,10.4209,1.0077,9.5125,59.1116,No,4.12
2022-03-31,1579918.43,57.9918,11.7475,10.4209,1.0039,9.5285,62.2412,No,4.12
2022-04-01,1578426.58,57.8427,11.7301,10.4209,1.0269,9.5251,62.5188,No,4.12
2022-04-06,1590483.2,59.0483,11.9791,10.4209,1.0384,9.5422,67.2328,No,4.1
2022-04-07,1597837.05,59.7837,12.1137,10.4209,1.0406,9.5597,70.8514,No,4.1
2022-04-08,1599807.28,59.9807,12.156,10.4209,1.0602,9.5626,72.32,No,4.1
2022-04-11,1610671.23,61.0671,12.3678,10.4209,1.0501,9.5916,79.0268,No,4.09
2022-04-12,1606130.83,60.6131,12.2989,10.4209,1.0684,9.5877,78.0048,No,4.08
2022-04-13,1616028.18,61.6028,12.4768,10.4209,1.0585,9.6116,83.4669,No,4.08
2022-04-14,1610915.13,61.0915,12.3983,10.4209,1.059,9.6096,81.4467,No,4.08
2022-04-15,1610233.36,61.0233,12.3955,10.4209,1.0356,9.6059,81.8589,No,4.08
2022-04-18,1595626.77,59.5627,12.1705,10.4209,1.0539,9.5874,76.2028,No,4.07
2022-04-19,1604148.15,60.4148,12.3263,10.4209,1.0739,9.5923,78.8148,No,4.07
2022-04-20,1615758.0,61.5758,12.5346,10.4209,1.0762,9.6055,81.8314,No,4.06
2022-04-21,1617155.75,61.7156,12.5676,10.4209,1.0838,9.6209,84.8299,No,4.06
2022-04-22,1622042.23,62.2042,12.6603,10.4209,1.1331,9.597,87.8999,No,4.06
2022-04-25,1651125.65,65.1126,13.1832,10.4209,1.1503,9.6336,100.1738,No,4.05
2022-04-26,1662374.39,66.2374,13.3828,10.4209,1.1234,9.635,103.9182,No,4.05
2022-04-27,1643864.59,64.3865,13.0789,10.4209,1.1286,9.6132,95.2871,No,4.04
2022-04-28,1645456.21,64.5456,13.1154,10.4209,1.0912,9.5906,96.0157,No,4.04
2022-04-29,1620415.42,62.0415,12.6961,10.4209,1.0901,9.5708,86.8917,No,4.04
2022-05-05,1617806.17,61.7806,12.706,10.4209,1.1031,9.5674,85.1372,No,4.02
2022-05-06,1624612.2,62.4612,12.833,10.4209,1.0969,9.5794,87.8684,No,4.02
2022-05-09,1620817.54,62.0818,12.7951,10.4209,1.085,9.5798,86.9758,No,4.01
2022-05-10,1613149.29,61.3149,12.671,10.4209,1.0709,9.5655,82.0875,No,4.01
2022-05-11,1603459.42,60.3459,12.5108,10.4209,1.0599,9.5515,76.581,No,4.01
2022-05-12,1594976.96,59.4977,12.3709,10.4209,1.0706,9.5506,74.7322,No,4.0
2022-05-13,1600403.85,60.0404,12.4754,10.4209,1.0883,9.5498,75.1227,No,4.0
2022-05-16,1609772.5,60.9773,12.6672,10.4209,1.0753,9.5579,77.6354,No,3.99
2022-05-17,1602142.04,60.2142,12.5423,10.4209,1.0826,9.5561,75.1979,No,3.99
2022-05-18,1605582.28,60.5582,12.612,10.4209,1.0666,9.553,74.5712,No,3.99
2022-05-19,1595553.99,59.5554,12.4442,10.4209,1.0594,9.5473,70.8074,No,3.98
2022-05-20,1589927.86,58.9928,12.3536,10.4209,1.0603,9.549,69.331,No,3.98
2022-05-23,1589596.92,58.9597,12.3748,10.4209,1.0941,9.5348,69.2065,No,3.97
2022-05-24,1606902.52,60.6903,12.6908,10.4209,1.0834,9.5599,77.61,No,3.97
2022-05-25,1602233.31,60.2233,12.6174,10.4209,1.0837,9.5608,75.8675,No,3.97
2022-05-26,1601456.72,60.1457,12.6129,10.4209,1.0884,9.5667,76.2645,No,3.96
2022-05-27,1603648.43,60.3648,12.661,10.4209,1.0866,9.5769,78.1371,No,3.96
2022-05-30,1602791.08,60.2791,12.6737,10.4209,1.0672,9.5703,76.7425,No,3.95
2022-05-31,1591031.85,59.1032,12.4732,10.4209,1.078,9.56,70.9765,No,3.95
2022-06-01,1595084.4,59.5084,12.5549,10.4209,1.0443,9.5429,71.5952,No,3.95
2022-06-02,1575542.7,57.5543,12.213,10.4209,1.0253,9.5214,63.9247,No,3.95
2022-06-06,1563179.03,56.3179,12.0244,10.4209,1.0405,9.5115,57.8322,No,3.93
2022-06-07,1568326.12,56.8326,12.127,10.4209,1.0367,9.519,59.2725,No,3.93
2022-06-08,1566054.55,56.6055,12.0946,10.4209,1.0556,9.5179,59.2326,No,3.93
2022-06-09,1574951.3,57.4951,12.2654,10.4209,1.042,9.5301,63.7247,No,3.93
2022-06-10,1569173.62,56.9174,12.1694,10.4209,1.0424,9.5285,60.5067,No,3.92
2022-06-13,1566926.14,56.6926,12.1553,10.4209,1.0667,9.5274,62.641,No,3.92
2022-06-14,1580253.18,58.0253,12.4074,10.4209,1.0762,9.5344,65.3513,No,3.91
2022-06-15,1585389.15,58.5389,12.51,10.4209,1.0638,9.5389,66.5687,No,3.91
2022-06-16,1578471.94,57.8472,12.3934,10.4209,1.0526,9.5367,64.0625,No,3.91
2022-06-17,1571148.27,57.1148,12.2688,10.4209,1.0549,9.5385,62.0885,No,3.9
2022-06-20,1571661.07,57.1661,12.3056,10.4209,1.0655,9.5404,61.6089,No,3.9
2022-06-21,1576361.65,57.6362,12.401,10.4209,1.0782,9.5454,63.4453,No,3.89
2022-06-22,1582827.47,58.2827,12.5286,10.4209,1.0647,9.5538,66.4157,No,3.89
2022-06-23,1576130.33,57.613,12.4153,10.4209,1.0597,9.5531,63.6231,No,3.89
2022-06-24,1572902.64,57.2903,12.3652,10.4209,1.0567,9.5519,60.7067,No,3.88
2022-06-27,1569391.11,56.9391,12.3282,10.4209,1.0528,9.5568,60.4267,No,3.88
2022-06-28,1567547.55,56.7548,12.3034,10.4209,1.0737,9.5515,58.433,No,3.87
2022-06-29,1576452.32,57.6452,12.4771,10.4209,1.0636,9.5625,62.2971,No,3.87
2022-06-30,1572252.36,57.2252,12.4089,10.4209,1.084,9.5575,60.0977,No,3.87
2022-07-01,1581552.97,58.1553,12.5899,10.4209,1.0762,9.5656,62.5436,No,3.87
2022-07-04,1577371.39,57.7371,12.5411,10.4209,1.0807,9.5691,61.644,No,3.86
2022-07-05,1579067.06,57.9067,12.5819,10.4209,1.0881,9.5741,62.2604,No,3.85
2022-07-06,1583921.76,58.3922,12.6811,10.4209,1.0949,9.5747,60.667,No,3.85
2022-07-07,1586869.99,58.687,12.7452,10.4209,1.1035,9.5756,59.2327,No,3.85
2022-07-08,1589660.13,58.966,12.8063,10.4209,1.1188,9.578,60.3362,No,3.85
2022-07-11,1597025.32,59.7025,12.9714,10.4209,1.137,9.5818,63.7262,No,3.84
2022-07-12,1606435.28,60.6435,13.1544,10.4209,1.1374,9.5952,68.7074,No,3.84
2022-07-13,1608118.82,60.8119,13.1953,10.4209,1.1223,9.5946,68.1383,No,3.83
2022-07-14,1599273.69,59.9274,13.0425,10.4209,1.1336,9.5923,64.3885,No,3.83
2022-07-15,1603895.05,60.3895,13.1377,10.4209,1.1333,9.5981,65.0853,No,3.83
2022-07-18,1602926.14,60.2926,13.1498,10.4209,1.1408,9.6031,65.5376,No,3.82
2022-07-19,1606726.37,60.6726,13.2301,10.4209,1.1301,9.6083,66.7036,No,3.82
2022-07-20,1601066.13,60.1066,13.1354,10.4209,1.1309,9.6092,63.9743,No,3.81
2022-07-21,1600889.4,60.0889,13.1422,10.4209,1.1269,9.6106,62.1894,No,3.81
2022-07-22,1596233.74,59.6234,13.0658,10.4209,1.1311,9.6176,63.1511,No,3.81
2022-07-25,1598483.11,59.8483,13.1377,10.4209,1.1229,9.6251,64.8548,No,3.8
2022-07-26,1594466.03,59.4466,13.0728,10.4209,1.119,9.6275,63.1988,No,3.8
2022-07-27,1591743.85,59.1744,13.032,10.4209,1.1051,9.6262,61.5541,No,3.79
2022-07-28,1582828.98,58.2829,12.8746,10.4209,1.1092,9.6289,59.6466,No,3.79
2022-07-29,1583100.46,58.31,12.8896,10.4209,1.1004,9.6391,62.5609,No,3.79
2022-08-01,1579717.32,57.9717,12.8555,10.4209,1.0995,9.6417,60.8958,No,3.78
2022-08-02,1577652.28,57.7652,12.8263,10.4209,1.0991,9.6488,61.6698,No,3.78
2022-08-03,1577856.66,57.7857,12.8401,10.4209,1.0928,9.6518,60.8716,No,3.78
2022-08-04,1573780.86,57.3781,12.7727,10.4209,1.0608,9.6339,59.3411,No,3.77
2022-08-05,1556290.16,55.629,12.4487,10.4209,1.0736,9.6296,52.9505,Yes,3.77
2022-08-08,1560180.2,56.018,12.5522,10.4209,1.065,9.6344,53.5817,Yes,3.76
2022-08-09,1555386.72,55.5387,12.4697,10.4209,1.069,9.638,52.2943,Yes,3.76
2022-08-10,1556305.21,55.6305,12.4971,10.4209,1.0614,9.6438,53.1062,Yes,3.76
2022-08-11,1553132.2,55.3132,12.4456,10.4209,1.0783,9.6422,50.8891,Yes,3.75
2022-08-12,1559008.25,55.9008,12.5685,10.4209,1.0762,9.6523,54.4373,Yes,3.75
2022-08-15,1558813.78,55.8814,12.594,10.4209,1.0816,9.6575,54.7674,Yes,3.74
2022-08-16,1561161.92,56.1162,12.6491,10.4209,1.0881,9.663,55.6444,Yes,3.74
2022-08-17,1564321.84,56.4322,12.7199,10.4209,1.0834,9.6688,56.3303,Yes,3.74
2022-08-18,1562304.65,56.2305,12.6909,10.4209,1.1119,9.6599,54.3777,Yes,3.73
2022-08-19,1574049.79,57.405,12.9272,10.4209,1.1125,9.6712,59.6954,No,3.73
2022-08-22,1575764.71,57.5765,12.9906,10.4209,1.1113,9.6767,59.8643,No,3.72
2022-08-23,1574515.8,57.4516,12.9767,10.4209,1.134,9.6736,59.8616,No,3.72
2022-08-24,1584526.56,58.4527,13.1796,10.4209,1.1382,9.6847,65.5917,No,3.72
2022-08-25,1587548.33,58.7548,13.248,10.4209,1.1439,9.6916,67.6452,No,3.72
2022-08-26,1590436.2,59.0436,13.3138,10.4209,1.1444,9.6989,69.2311,No,3.71
2022-08-29,1591064.92,59.1065,13.3574,10.4209,1.1465,9.7024,67.9002,No,3.7
2022-08-30,1590903.47,59.0903,13.3648,10.4209,1.1665,9.7017,68.5402,No,3.7
2022-08-31,1600787.02,60.0787,13.5653,10.4209,1.1754,9.7087,71.9163,No,3.7
2022-09-01,1605730.63,60.5731,13.6708,10.4209,1.1745,9.7145,72.5861,No,3.7
2022-09-02,1604780.0,60.478,13.6634,10.4209,1.1725,9.7191,71.8389,No,3.69
2022-09-05,1602542.09,60.2542,13.6528,10.4209,1.1605,9.7242,72.7996,No,3.68
2022-09-06,1596001.78,59.6002,13.5375,10.4209,1.157,9.7277,70.8992,No,3.68
2022-09-07,1593882.37,59.3882,13.5072,10.4209,1.1594,9.7304,68.6531,No,3.68
2022-09-08,1593534.62,59.3535,13.5112,10.4209,1.1642,9.7372,70.08,No,3.68
2022-09-09,1595899.81,59.59,13.5678,10.4209,1.1661,9.7438,71.2299,No,3.67
2022-09-13,1596616.28,59.6616,13.6249,10.4209,1.1714,9.7493,71.6639,No,3.66
2022-09-14,1599165.33,59.9165,13.6853,10.4209,1.2,9.7416,71.6416,No,3.66
2022-09-15,1612939.08,61.2939,13.9632,10.4209,1.2039,9.7517,77.0004,No,3.66
2022-09-16,1615286.56,61.5287,14.0197,10.4209,1.2203,9.7528,77.2774,No,3.65
2022-09-19,1623093.46,62.3093,14.2043,10.4209,1.2108,9.7615,81.4516,No,3.65
2022-09-20,1617892.63,61.7893,14.1152,10.4209,1.221,9.7637,79.6828,No,3.64
2022-09-21,1622523.77,62.2524,14.2161,10.4209,1.2189,9.7721,82.4155,No,3.64
2022-09-22,1621243.47,62.1243,14.2028,10.4209,1.2285,9.7749,81.3919,No,3.64
2022-09-23,1625559.09,62.5559,14.2978,10.4209,1.2344,9.7826,84.2099,No,3.64
2022-09-26,1628700.55,62.8701,14.3932,10.4209,1.2237,9.7857,84.0397,No,3.63
2022-09-27,1622053.74,62.2054,14.2759,10.4209,1.2389,9.7851,81.2849,No,3.62
2022-09-28,1629228.95,62.9229,14.4268,10.4209,1.228,9.7927,85.1254,No,3.62
2022-09-29,1622822.11,62.2822,14.3139,10.4209,1.2441,9.7933,84.1074,No,3.62
2022-09-30,1630945.03,63.0945,14.4834,10.4209,1.2752,9.7875,88.4386,No,3.62
2022-10-10,1647548.89,64.7549,14.9256,10.4209,1.2816,9.7992,97.2671,No,3.59
2022-10-11,1650238.97,65.0239,14.9901,10.4209,1.2566,9.7944,98.2827,No,3.59
2022-10-12,1634764.78,63.4765,14.7004,10.4209,1.2562,9.7956,91.385,No,3.58
2022-10-13,1634003.95,63.4004,14.6976,10.4209,1.2362,9.7943,91.0533,No,3.58
2022-10-14,1622139.11,62.2139,14.4762,10.4209,1.2351,9.7966,85.3705,No,3.58
2022-10-17,1620867.88,62.0868,14.4867,10.4209,1.2379,9.801,83.7731,No,3.57
2022-10-18,1621597.31,62.1597,14.5131,10.4209,1.2483,9.8051,84.3903,No,3.57
2022-10-19,1626615.38,62.6615,14.6243,10.4209,1.2417,9.8114,86.4298,No,3.56
2022-10-20,1622690.33,62.269,14.5586,10.4209,1.2412,9.8155,83.6344,No,3.56
2022-10-21,1621642.11,62.1642,14.5498,10.4209,1.2311,9.8191,82.8702,No,3.56
2022-10-24,1615264.06,61.5264,14.4587,10.4209,1.2281,9.825,82.5848,No,3.55
2022-10-25,1613261.72,61.3262,14.4306,10.4209,1.2057,9.822,82.2388,No,3.55
2022-10-26,1600739.12,60.0739,14.1913,10.4209,1.2084,9.8249,76.4404,No,3.55
2022-10-27,1601003.33,60.1003,14.2083,10.4209,1.2178,9.8289,76.15,No,3.54
2022-10-28,1605167.42,60.5167,14.3039,10.4209,1.208,9.8343,78.1332,No,3.54
2022-10-31,1599893.47,59.9893,14.233,10.4209,1.1996,9.8375,75.2054,No,3.53
2022-11-01,1594730.3,59.473,14.1402,10.4209,1.1908,9.8409,72.7778,No,3.53
2022-11-02,1589364.67,58.9365,14.0429,10.4209,1.1868,9.8455,70.6694,No,3.53
2022-11-03,1586721.74,58.6722,14.0006,10.4209,1.1712,9.8462,68.8959,No,3.52
2022-11-04,1578207.62,57.8208,13.8382,10.4209,1.1757,9.8504,64.9918,No,3.52
2022-11-07,1578624.29,57.8624,13.8813,10.4209,1.1809,9.8562,66.7824,No,3.51
2022-11-08,1581016.83,58.1017,13.942,10.4209,1.1752,9.8623,68.3115,No,3.51
2022-11-09,1577254.96,57.7255,13.8762,10.4209,1.1851,9.867,70.6121,No,3.51
2022-11-10,1582157.46,58.2157,13.9887,10.4209,1.1793,9.8734,73.0241,No,3.5
2022-11-11,1578822.84,57.8823,13.9317,10.4209,1.1865,9.8783,72.9901,No,3.5
2022-11-14,1582155.8,58.2156,14.0355,10.4209,1.1641,9.8755,73.0496,No,3.49
2022-11-15,1570090.55,57.0091,13.7974,10.4209,1.1737,9.8787,68.2577,No,3.49
2022-11-16,1573370.69,57.3371,13.8771,10.4209,1.1689,9.8852,70.7825,No,3.49
2022-11-17,1570863.92,57.0864,13.8366,10.4209,1.1777,9.8895,69.9331,No,3.48
2022-11-18,1574540.86,57.4541,13.9247,10.4209,1.182,9.8953,71.5272,No,3.48
2022-11-21,1576495.74,57.6496,14.0005,10.4209,1.1948,9.8984,71.4475,No,3.47
2022-11-22,1582142.89,58.2143,14.1298,10.4209,1.1962,9.9049,73.9152,No,3.47
2022-11-23,1582565.09,58.2565,14.1505,10.4209,1.195,9.9108,74.053,No,3.47
2022-11-24,1581370.2,58.137,14.1376,10.4209,1.2052,9.9149,74.3377,No,3.47
2022-11-25,1585948.89,58.5949,14.2449,10.4209,1.2105,9.9209,77.0168,No,3.46
2022-11-28,1588247.69,58.8248,14.329,10.4209,1.2065,9.927,78.2963,No,3.45
2022-11-29,1585873.57,58.5874,14.2916,10.4209,1.2103,9.9323,76.5826,No,3.45
2022-11-30,1587073.6,58.7074,14.3288,10.4209,1.2024,9.9376,76.9682,No,3.45
2022-12-01,1582550.87,58.2551,14.2463,10.4209,1.1995,9.9431,75.3781,No,3.45
2022-12-02,1580343.4,58.0343,14.2121,10.4209,1.2115,9.9467,75.5846,No,3.44
2022-12-05,1585950.9,58.5951,14.3663,10.4209,1.2204,9.9513,76.3797,No,3.44
2022-12-06,1590018.61,59.0019,14.4639,10.4209,1.2249,9.9569,76.4613,No,3.43
2022-12-07,1591656.82,59.1657,14.5107,10.4209,1.2256,9.963,76.9307,No,3.43
2022-12-08,1591438.34,59.1438,14.5185,10.4209,1.2211,9.969,77.4913,No,3.43
2022-12-09,1588637.49,58.8637,14.472,10.4209,1.2201,9.9749,76.7168,No,3.42
2022-12-12,1587592.79,58.7593,14.4872,10.4209,1.2327,9.9781,76.2003,No,3.42
2022-12-13,1593224.98,59.3225,14.6184,10.4209,1.2286,9.9846,78.928,No,3.41
2022-12-14,1590618.4,59.0618,14.576,10.4209,1.2315,9.9908,79.853,No,3.41
2022-12-15,1591783.52,59.1784,14.6132,10.4209,1.2452,9.9935,78.9477,No,3.41
2022-12-16,1598003.66,59.8004,14.7571,10.4209,1.2594,9.9965,80.9298,No,3.41
2022-12-19,1604669.39,60.4669,14.936,10.4209,1.2629,10.0031,85.1258,No,3.4
2022-12-20,1605920.48,60.592,14.9754,10.4209,1.2657,10.0091,85.7901,No,3.39
2022-12-21,1606949.04,60.6949,15.01,10.4209,1.2746,10.0143,88.1464,No,3.39
2022-12-22,1610942.84,61.0943,15.1073,10.4209,1.2908,10.0165,90.1738,No,3.39
2022-12-23,1618592.0,61.8592,15.2816,10.4209,1.2666,10.0128,92.3339,No,3.39
2022-12-26,1604501.36,60.4501,15.0233,10.4209,1.2562,10.0172,86.1138,No,3.38
2022-12-27,1598638.94,59.8639,14.9117,10.4209,1.2607,10.0229,83.7899,No,3.38
2022-12-28,1600386.04,60.0386,14.9619,10.4209,1.2581,10.0291,84.9154,No,3.37
2022-12-29,1598455.07,59.8455,14.9338,10.4209,1.2564,10.0352,83.9586,No,3.37
2022-12-30,1597047.94,59.7048,14.9167,10.4209,1.2407,10.0377,84.4086,No,3.37
2023-01-03,1588284.53,58.8285,14.7806,10.4209,1.2438,10.0436,80.6433,No,3.36
2023-01-04,1590861.26,59.0861,14.849,10.4209,1.2404,10.0498,82.0431,No,3.35
2023-01-05,1587847.33,58.7847,14.797,10.4209,1.2433,10.0501,79.9808,No,3.35
2023-01-06,1588558.9,58.8559,14.8254,10.4209,1.2402,10.0518,78.6052,No,3.35
2023-01-09,1584312.48,58.4312,14.7724,10.4209,1.2385,10.0598,79.0434,No,3.34
2023-01-10,1584018.98,58.4019,14.779,10.4209,1.251,10.0627,78.7459,No,3.34
2023-01-11,1588224.61,58.8225,14.8833,10.4209,1.2488,10.0776,81.747,No,3.33
2023-01-12,1588307.61,58.8308,14.8983,10.4209,1.2485,10.0838,81.7037,No,3.33
2023-01-13,1587485.51,58.7486,14.8935,10.4209,1.2313,10.0857,81.6817,No,3.33
2023-01-16,1579025.6,57.9026,14.7482,10.4209,1.2234,10.0812,78.332,No,3.32
2023-01-17,1573487.63,57.3488,14.6398,10.4209,1.2247,10.0822,76.3662,No,3.32
2023-01-18,1573070.24,57.307,14.6436,10.4209,1.2112,10.0839,75.8286,No,3.32
2023-01-19,1566317.58,56.6318,14.5077,10.4209,1.2039,10.0809,72.9249,No,3.31
2023-01-20,1560468.82,56.0469,14.3912,10.4209,1.2045,10.085,72.0034,No,3.31
2023-01-30,1560499.17,56.0499,14.5203,10.4209,1.2261,10.0833,71.5907,No,3.28
2023-01-31,1569173.89,56.9174,14.727,10.4209,1.2116,10.0953,74.5091,No,3.28
2023-02-01,1563102.35,56.3102,14.6045,10.4209,1.2042,10.0952,72.462,No,3.28
2023-02-02,1557946.39,55.7946,14.502,10.4209,1.2141,10.0979,71.5791,No,3.27
2023-02-03,1563054.86,56.3055,14.6297,10.4209,1.2355,10.0968,71.2156,No,3.27
2023-02-06,1571897.68,57.1898,14.8675,10.4209,1.2419,10.1061,72.794,No,3.26
2023-02-07,1574445.38,57.4445,14.938,10.4209,1.2498,10.1132,73.5156,No,3.26
2023-02-08,1577255.3,57.7255,15.0144,10.4209,1.2275,10.1175,75.1417,No,3.26
2023-02-09,1568173.86,56.8174,14.824,10.4209,1.2489,10.1081,70.7217,No,3.25
2023-02-10,1574924.76,57.4925,14.9892,10.4209,1.2442,10.1196,72.7751,No,3.25
2023-02-13,1572417.46,57.2417,14.9734,10.4209,1.246,10.1264,72.8598,No,3.24
2023-02-14,1573138.07,57.3138,15.0032,10.4209,1.2477,10.1334,73.0909,No,3.24
2023-02-15,1573780.56,57.3781,15.0313,10.4209,1.265,10.1346,72.8293,No,3.24
2023-02-16,1579896.28,57.9896,15.1829,10.4209,1.2804,10.144,76.1025,No,3.24
2023-02-17,1587344.01,58.7344,15.3644,10.4209,1.2644,10.1568,79.4671,No,3.23
2023-02-20,1580874.26,58.0874,15.2604,10.4209,1.2709,10.1574,77.2217,No,3.22
2023-02-21,1582475.51,58.2476,15.3106,10.4209,1.2739,10.165,77.7747,No,3.22
2023-02-22,1583015.8,58.3016,15.3368,10.4209,1.273,10.1746,78.8654,No,3.22
2023-02-23,1583120.08,58.312,15.3531,10.4209,1.274,10.1797,78.3592,No,3.22
2023-02-24,1582312.18,58.2312,15.3489,10.4209,1.2797,10.1866,78.6887,No,3.21
2023-02-27,1584719.04,58.4719,15.4458,10.4209,1.2759,10.195,79.4768,No,3.21
2023-02-28,1582762.38,58.2762,15.4155,10.4209,1.2715,10.1995,78.7184,No,3.2
2023-03-01,1579763.94,57.9764,15.3613,10.4209,1.2784,10.2035,77.9697,No,3.2
2023-03-02,1582039.86,58.204,15.4274,10.4209,1.2667,10.2113,79.0027,No,3.2
2023-03-03,1576522.53,57.6523,15.3154,10.4209,1.2567,10.2117,77.2095,No,3.19
2023-03-06,1570523.32,57.0523,15.2198,10.4209,1.2718,10.2114,75.6734,No,3.19
2023-03-07,1575575.15,57.5575,15.3502,10.4209,1.2752,10.2251,78.6989,No,3.18
2023-03-08,1579241.49,57.9241,15.4487,10.4209,1.2758,10.2292,77.9246,No,3.18
2023-03-09,1578113.2,57.8113,15.437,10.4209,1.276,10.2344,77.3156,No,3.18
2023-03-10,1576586.81,57.6587,15.4162,10.4209,1.264,10.2422,78.1635,No,3.18
2023-03-13,1570812.28,57.0812,15.3254,10.4209,1.2427,10.24,77.2084,No,3.17
2023-03-14,1559834.42,55.9834,15.0843,10.4209,1.2494,10.2404,74.6756,No,3.16
2023-03-15,1561501.34,56.1501,15.1372,10.4209,1.2537,10.2493,75.7312,No,3.16
2023-03-16,1562190.01,56.219,15.1674,10.4209,1.2291,10.2567,78.364,No,3.16
2023-03-17,1552621.8,55.2622,14.9575,10.4209,1.2045,10.2399,74.2686,No,3.16
2023-03-20,1537216.49,53.7216,14.6356,10.4209,1.2071,10.2442,72.6432,No,3.15
2023-03-21,1538970.85,53.8971,14.6909,10.4209,1.2182,10.2468,71.8279,No,3.15
2023-03-22,1543749.48,54.3749,14.8178,10.4209,1.1972,10.2426,71.186,No,3.14
2023-03-23,1533377.71,53.3378,14.5853,10.4209,1.1966,10.2394,67.1546,No,3.14
2023-03-24,1530433.58,53.0434,14.5288,10.4209,1.205,10.2445,66.8397,No,3.14
2023-03-27,1533870.52,53.3871,14.6518,10.4209,1.2248,10.2463,67.3918,No,3.13
2023-03-28,1541296.1,54.1296,14.8428,10.4209,1.2019,10.2545,70.4318,No,3.13
2023-03-29,1532745.0,53.2745,14.6523,10.4209,1.2023,10.2522,66.6592,No,3.12
2023-03-30,1530527.21,53.0527,14.6129,10.4209,1.1876,10.2546,66.1034,No,3.12
2023-03-31,1523746.14,52.3746,14.4635,10.4209,1.1683,10.2485,63.669,No,3.12
2023-04-03,1517192.63,51.7193,14.3458,10.4209,1.1692,10.2386,57.1384,No,3.11
2023-04-04,1511453.14,51.1453,14.2199,10.4209,1.1451,10.2368,56.7773,No,3.11
2023-04-06,1500686.47,50.0686,13.9837,10.4209,1.1379,10.2377,54.3333,No,3.1
2023-04-07,1497053.33,49.7053,13.9077,10.4209,1.1747,10.2242,52.4647,No,3.1
2023-04-10,1509160.79,50.9161,14.2446,10.4209,1.172,10.2397,56.765,No,3.09
2023-04-11,1509027.3,50.9027,14.2548,10.4209,1.1581,10.2471,57.8037,No,3.09
2023-04-12,1503201.99,50.3202,14.1251,10.4209,1.1821,10.244,56.7326,No,3.08
2023-04-13,1510781.03,51.0781,14.3249,10.4209,1.1476,10.2465,60.904,No,3.08
2023-04-14,1499308.67,49.9309,14.0559,10.4209,1.1619,10.2426,55.7936,No,3.08
2023-04-17,1502869.71,50.287,14.1842,10.4209,1.176,10.2456,55.2583,No,3.07
2023-04-18,1507121.13,50.7121,14.3029,10.4209,1.1725,10.2552,56.6756,No,3.07
2023-04-19,1506150.23,50.615,14.2925,10.4209,1.1517,10.2538,56.042,No,3.07
2023-04-20,1498042.87,49.8043,14.1049,10.4209,1.2003,10.229,51.9507,No,3.06
2023-04-21,1511913.55,51.1914,14.4626,10.4209,1.211,10.2412,58.4982,No,3.06
2023-04-24,1518544.68,51.8545,14.6686,10.4209,1.2162,10.2518,61.4541,No,3.05
2023-04-25,1520147.17,52.0147,14.7223,10.4209,1.2163,10.2636,64.3797,No,3.05
2023-04-26,1520988.02,52.0988,14.7573,10.4209,1.2145,10.2728,65.5883,No,3.05
2023-04-27,1520301.57,52.0302,14.7545,10.4209,1.2057,10.2793,65.7422,No,3.04
2023-04-28,1517764.38,51.7764,14.7058,10.4209,1.2083,10.281,62.7169,No,3.04
2023-05-04,1513826.06,51.3826,14.6928,10.4209,1.2101,10.2939,66.3352,No,3.02
2023-05-05,1515725.73,51.5726,14.7546,10.4209,1.2118,10.3049,68.7318,No,3.02
2023-05-08,1518343.0,51.8343,14.8634,10.4209,1.2327,10.3041,67.4351,No,3.01
2023-05-09,1524327.87,52.4328,15.0281,10.4209,1.2334,10.317,71.1588,No,3.01
2023-05-10,1525272.47,52.5272,15.0665,10.4209,1.2326,10.3267,72.5784,No,3.01
2023-05-11,1525185.08,52.5185,15.079,10.4209,1.2502,10.3291,72.5338,No,3.01
2023-05-12,1531857.71,53.1858,15.2612,10.4209,1.2367,10.3373,74.5526,No,3.0
2023-05-15,1526367.32,52.6367,15.168,10.4209,1.2415,10.3412,72.5651,No,2.99
2023-05-16,1527332.27,52.7332,15.2072,10.4209,1.2435,10.3482,72.5515,No,2.99
2023-05-17,1527966.33,52.7966,15.2381,10.4209,1.2429,10.3542,71.9174,No,2.99
2023-05-18,1527098.34,52.7098,15.2312,10.4209,1.244,10.3599,71.0581,No,2.99
2023-05-19,1527083.36,52.7083,15.2458,10.4209,1.2493,10.3652,70.1801,No,2.98
2023-05-22,1527632.44,52.7632,15.305,10.4209,1.2659,10.3697,71.5073,No,2.98
2023-05-23,1534303.84,53.4304,15.4893,10.4209,1.264,10.3811,74.2089,No,2.97
2023-05-24,1533452.16,53.3452,15.483,10.4209,1.2591,10.3897,74.9548,No,2.97
2023-05-25,1532035.74,53.2036,15.4624,10.4209,1.253,10.3933,73.2518,No,2.97
2023-05-26,1529148.22,52.9148,15.4043,10.4209,1.266,10.3944,70.4259,No,2.96
2023-05-29,1532037.44,53.2037,15.524,10.4209,1.254,10.4031,72.1297,No,2.96
2023-05-30,1528107.7,52.8108,15.439,10.4209,1.2391,10.4016,69.4853,No,2.95
2023-05-31,1519354.88,51.9355,15.2299,10.4209,1.2406,10.4071,67.96,No,2.95
2023-06-01,1519270.09,51.927,15.2429,10.4209,1.2393,10.4145,68.0175,No,2.95
2023-06-02,1518044.23,51.8044,15.2265,10.4209,1.2511,10.4197,68.0587,No,2.95
2023-06-05,1523127.96,52.3128,15.4035,10.4209,1.2712,10.4215,68.3075,No,2.94
2023-06-06,1528878.63,52.8879,15.5673,10.4209,1.2687,10.436,73.0376,No,2.93
2023-06-07,1529260.31,52.926,15.5927,10.4209,1.2845,10.4403,73.7054,No,2.93
2023-06-08,1535415.59,53.5416,15.7671,10.4209,1.2563,10.4399,75.7633,No,2.93
2023-06-09,1523795.9,52.3796,15.4828,10.4209,1.2658,10.4409,71.4343,No,2.93
2023-06-12,1525377.5,52.5378,15.5707,10.4209,1.253,10.448,72.4216,No,2.92
2023-06-13,1520317.44,52.0317,15.4547,10.4209,1.265,10.4509,70.2944,No,2.92
2023-06-14,1524056.02,52.4056,15.5677,10.4209,1.2745,10.4575,70.9768,No,2.91
2023-06-15,1527944.06,52.7944,15.6847,10.4209,1.2545,10.4591,71.2189,No,2.91
2023-06-16,1519046.09,51.9046,15.4684,10.4209,1.2548,10.4626,68.1238,No,2.91
2023-06-19,1517529.8,51.753,15.4757,10.4209,1.2552,10.4696,67.7143,No,2.9
2023-06-20,1516981.54,51.6982,15.477,10.4209,1.2908,10.4599,67.7209,No,2.9
2023-06-21,1529282.19,52.9282,15.8156,10.4209,1.2965,10.4727,73.5061,No,2.89
2023-06-26,1532974.23,53.2974,15.9936,10.4209,1.2958,10.4823,75.2076,No,2.88
2023-06-27,1532828.76,53.2829,16.0062,10.4209,1.3033,10.4887,75.0278,No,2.88
2023-06-28,1535403.07,53.5403,16.0904,10.4209,1.3094,10.4961,75.5717,No,2.87
2023-06-29,1537117.51,53.7118,16.152,10.4209,1.3041,10.5051,76.757,No,2.87
2023-06-30,1534814.82,53.4815,16.1079,10.4209,1.301,10.5119,76.1077,No,2.87
2023-07-03,1532835.3,53.2835,16.1054,10.4209,1.2956,10.5186,75.5403,No,2.86
2023-07-04,1530149.27,53.0149,16.0508,10.4209,1.3048,10.5236,74.3307,No,2.86
2023-07-05,1532430.42,53.243,16.1279,10.4209,1.3055,10.5333,76.0058,No,2.85
2023-07-06,1532625.64,53.2626,16.1498,10.4209,1.3167,10.5396,76.6418,No,2.85
2023-07-07,1536673.41,53.6673,16.2741,10.4209,1.3123,10.5495,78.4694,No,2.85
2023-07-10,1534807.98,53.4808,16.2751,10.4209,1.3065,10.5566,78.1314,No,2.84
2023-07-11,1532115.85,53.2116,16.2201,10.4209,1.3239,10.5587,76.7648,No,2.84
2023-07-12,1537511.96,53.7512,16.3812,10.4209,1.3051,10.5665,79.7138,No,2.84
2023-07-13,1529955.32,52.9955,16.196,10.4209,1.3157,10.5707,77.7304,No,2.83
2023-07-14,1533441.41,53.3441,16.3064,10.4209,1.32,10.5788,78.5216,No,2.83
2023-07-17,1534375.16,53.4375,16.3827,10.4209,1.3211,10.5881,79.743,No,2.82
2023-07-18,1534456.81,53.4457,16.402,10.4209,1.3151,10.5969,80.6237,No,2.82
2023-07-19,1531089.27,53.1089,16.3285,10.4209,1.3288,10.6029,81.5321,No,2.82
2023-07-20,1536307.88,53.6308,16.4864,10.4209,1.3385,10.6118,84.1735,No,2.81
2023-07-21,1540567.82,54.0568,16.6185,10.4209,1.3444,10.62,85.2492,No,2.81
2023-07-24,1542452.02,54.2452,16.722,10.4209,1.3366,10.6285,86.2231,No,2.8
2023-07-25,1539550.01,53.955,16.6612,10.4209,1.339,10.633,83.5498,No,2.8
2023-07-26,1538754.92,53.8755,16.6572,10.4209,1.3461,10.6407,84.0841,No,2.8
2023-07-27,1541001.59,54.1002,16.7358,10.4209,1.3429,10.6509,85.882,No,2.79
2023-07-28,1540379.48,54.0379,16.7366,10.4209,1.3409,10.656,83.8837,No,2.79
2023-07-31,1538385.26,53.8385,16.7357,10.4209,1.3393,10.6625,82.6788,No,2.78
2023-08-01,1536620.47,53.662,16.7053,10.4209,1.3423,10.6702,82.549,No,2.78
2023-08-02,1537332.79,53.7333,16.7425,10.4209,1.3458,10.6782,82.7835,No,2.78
2023-08-03,1538530.69,53.8531,16.7931,10.4209,1.3439,10.6856,82.4192,No,2.78
2023-08-04,1537186.67,53.7187,16.7742,10.4209,1.3499,10.6919,81.4088,No,2.77
2023-08-07,1538335.9,53.8336,16.8597,10.4209,1.353,10.7012,82.6969,No,2.76
2023-08-08,1539423.97,53.9424,16.9077,10.4209,1.362,10.7086,83.3339,No,2.76
2023-08-09,1542463.31,54.2463,17.0094,10.4209,1.3638,10.7183,84.897,No,2.76
2023-08-10,1543340.64,54.3341,17.0519,10.4209,1.3813,10.7216,84.5499,No,2.76
2023-08-11,1548834.87,54.8835,17.2214,10.4209,1.3873,10.7332,88.5612,No,2.75
2023-08-14,1551661.86,55.1662,17.3551,10.4209,1.4001,10.7404,90.2371,No,2.75
2023-08-15,1556428.03,55.6428,17.5052,10.4209,1.413,10.7484,92.9421,No,2.74
2023-08-16,1561362.57,56.1363,17.66,10.4209,1.4044,10.7601,96.2932,No,2.74
2023-08-17,1558109.18,55.8109,17.5895,10.4209,1.4164,10.7642,94.4409,No,2.74
2023-08-18,1562043.65,56.2044,17.7171,10.4209,1.4256,10.7723,95.7588,No,2.73
2023-08-21,1565052.17,56.5052,17.8582,10.4209,1.4175,10.7832,98.4263,No,2.73
2023-08-22,1561855.72,56.1856,17.7892,10.4209,1.4395,10.783,96.4368,No,2.72
2023-08-23,1569393.75,56.9394,18.0173,10.4209,1.4284,10.7956,101.2768,No,2.72
2023-08-24,1564873.57,56.4874,17.9118,10.4209,1.4491,10.7967,99.9091,No,2.72
2023-08-25,1572516.16,57.2516,18.1432,10.4209,1.4391,10.8076,103.3719,No,2.72
2023-08-28,1568186.85,56.8187,18.0827,10.4209,1.4038,10.7939,101.1094,No,2.71
2023-08-29,1552174.6,55.2175,17.6552,10.4209,1.3845,10.788,93.1515,No,2.7
2023-08-30,1542173.49,54.2173,17.3934,10.4209,1.3823,10.7923,88.3841,No,2.7
2023-08-31,1539525.23,53.9525,17.3377,10.4209,1.3928,10.7986,87.7915,No,2.7
2023-09-01,1542943.62,54.2944,17.4534,10.4209,1.3822,10.8071,89.3637,No,2.7
2023-09-04,1538364.81,53.8365,17.3813,10.4209,1.3946,10.8123,87.8284,No,2.69
2023-09-05,1542122.75,54.2123,17.5073,10.4209,1.392,10.8226,90.2097,No,2.68
2023-09-06,1541210.75,54.1211,17.5007,10.4209,1.4302,10.8121,89.4008,No,2.68
2023-09-07,1554642.71,55.4643,17.9013,10.4209,1.4215,10.8251,96.7206,No,2.68
2023-09-08,1551522.38,55.1522,17.8327,10.4209,1.4172,10.8333,96.3544,No,2.68
2023-09-11,1549327.47,54.9327,17.8297,10.4209,1.4247,10.8401,95.0564,No,2.67
2023-09-12,1551389.25,55.1389,17.9084,10.4209,1.4366,10.847,96.3292,No,2.67
2023-09-13,1555582.81,55.5583,18.048,10.4209,1.4369,10.8573,99.0871,No,2.66
2023-09-14,1555238.28,55.5238,18.0583,10.4209,1.4353,10.8672,100.9699,No,2.66
2023-09-15,1554525.96,55.4526,18.0582,10.4209,1.4501,10.8718,99.5627,No,2.66
2023-09-18,1559621.09,55.9621,18.265,10.4209,1.4523,10.8812,101.2596,No,2.65
2023-09-19,1559904.86,55.9905,18.2937,10.4209,1.4581,10.8901,102.6225,No,2.65
2023-09-20,1561733.14,56.1733,18.3667,10.4209,1.4659,10.8987,104.3995,No,2.64
2023-09-21,1564529.57,56.453,18.4676,10.4209,1.4446,10.9023,105.7368,No,2.64
2023-09-22,1555197.61,55.5198,18.2201,10.4209,1.4545,10.9068,100.4974,No,2.64
2023-09-25,1557762.22,55.7762,18.3561,10.4209,1.4554,10.9165,102.4055,No,2.63
2023-09-26,1557800.5,55.7801,18.378,10.4209,1.4598,10.9246,102.0598,No,2.63
2023-09-27,1559172.12,55.9172,18.4385,10.4209,1.4685,10.9315,101.1142,No,2.62
2023-09-28,1562445.14,56.2445,18.5543,10.4209,1.4817,10.9368,99.3858,No,2.62
2023-10-09,1566857.98,56.6858,18.9185,10.4209,1.498,10.9418,99.5179,No,2.59
2023-10-10,1572811.24,57.2811,19.1146,10.4209,1.4881,10.95,100.6869,No,2.59
2023-10-11,1568209.38,56.8209,19.0018,10.4209,1.4774,10.9557,98.1251,No,2.59
2023-10-12,1562482.64,56.2483,18.8553,10.4209,1.485,10.9629,96.6865,No,2.58
2023-10-13,1564589.34,56.4589,18.9392,10.4209,1.4912,10.9719,98.5093,No,2.58
2023-10-16,1566216.02,56.6216,19.0532,10.4209,1.4778,10.9817,102.528,No,2.57
2023-10-17,1560760.62,56.0761,18.9138,10.4209,1.4837,10.9891,100.6535,No,2.57
2023-10-18,1561978.29,56.1978,18.9719,10.4209,1.477,10.9995,103.5208,No,2.57
2023-10-19,1558910.9,55.8911,18.9028,10.4209,1.4764,11.0085,103.4416,No,2.56
2023-10-20,1557859.45,55.7859,18.8935,10.4209,1.5032,11.0087,105.399,No,2.56
2023-10-23,1568047.55,56.8048,19.2638,10.4209,1.494,11.0194,110.6957,No,2.55
2023-10-24,1563888.49,56.3888,19.1622,10.4209,1.5006,11.0264,108.1023,No,2.55
2023-10-25,1565768.11,56.5768,19.2409,10.4209,1.4959,11.0355,108.5849,No,2.55
2023-10-26,1563100.53,56.3101,19.1836,10.4209,1.4831,11.0427,108.422,No,2.55
2023-10-27,1557201.88,55.7202,19.029,10.4209,1.4658,11.0463,105.3887,No,2.54
2023-10-30,1549207.67,54.9208,18.8547,10.4209,1.4705,11.0535,101.5817,No,2.53
2023-10-31,1550025.06,55.0025,18.9017,10.4209,1.4801,11.0614,102.4399,No,2.53
2023-11-01,1553314.72,55.3315,19.0237,10.4209,1.4893,11.0695,103.4844,No,2.53
2023-11-02,1556290.57,55.6291,19.1364,10.4209,1.4747,11.0773,105.8473,No,2.53
2023-11-03,1549992.36,54.9992,18.9677,10.4209,1.4656,11.084,102.2163,No,2.52
2023-11-06,1545602.97,54.5603,18.9011,10.4209,1.4708,11.0915,98.8467,No,2.52
2023-11-07,1546656.23,54.6656,18.9558,10.4209,1.4681,11.1005,98.5681,No,2.51
2023-11-08,1545100.56,54.5101,18.9307,10.4209,1.4827,11.1062,96.7648,No,2.51
2023-11-09,1549882.77,54.9883,19.0999,10.4209,1.4832,11.1158,98.0478,No,2.51
2023-11-10,1549352.31,54.9352,19.1064,10.4209,1.4797,11.1254,98.9488,No,2.5
2023-11-13,1547687.62,54.7688,19.1237,10.4209,1.4706,11.1331,97.4396,No,2.5
2023-11-14,1543182.36,54.3182,19.0074,10.4209,1.4719,11.1418,95.7389,No,2.49
2023-11-15,1542726.42,54.2726,19.0161,10.4209,1.4918,11.1457,96.2077,No,2.49
2023-11-16,1549700.28,54.97,19.2549,10.4209,1.4846,11.1558,99.5406,No,2.49
2023-11-17,1546536.28,54.6536,19.18,10.4209,1.4961,11.1629,98.585,No,2.48
2023-11-20,1550587.24,55.0587,19.3754,10.4209,1.5087,11.1698,98.3067,No,2.48
2023-11-21,1554566.07,55.4566,19.5226,10.4209,1.5274,11.1747,100.0403,No,2.47
2023-11-22,1561198.83,56.1199,19.7524,10.4209,1.5218,11.1849,103.2876,No,2.47
2023-11-23,1558705.31,55.8705,19.6988,10.4209,1.5374,11.1905,101.6641,No,2.47
2023-11-24,1563794.31,56.3794,19.8811,10.4209,1.5262,11.1997,104.6948,No,2.47
2023-11-27,1558704.77,55.8705,19.7948,10.4209,1.5203,11.2088,103.9269,No,2.46
2023-11-28,1555671.57,55.5672,19.7239,10.4209,1.5249,11.2177,103.0204,No,2.45
2023-11-29,1556598.54,55.6599,19.7771,10.4209,1.5212,11.2278,105.3449,No,2.45
2023-11-30,1554718.57,55.4719,19.7422,10.4209,1.5207,11.2372,104.4793,No,2.45
2023-12-01,1553791.4,55.3791,19.7371,10.4209,1.5168,11.2466,104.0428,No,2.45
2023-12-04,1551333.99,55.1334,19.7321,10.4209,1.551,11.2416,105.3725,No,2.44
2023-12-05,1563891.25,56.3891,20.1534,10.4209,1.5508,11.252,109.2867,No,2.44
2023-12-06,1563234.84,56.3235,20.1575,10.4209,1.5523,11.2614,108.5492,No,2.43
2023-12-07,1563078.46,56.3078,20.1774,10.4209,1.5304,11.2652,108.8728,No,2.43
2023-12-08,1553587.74,55.3588,19.9012,10.4209,1.5288,11.274,103.879,No,2.43
2023-12-11,1552175.11,55.2175,19.93,10.4209,1.5445,11.28,101.4929,No,2.42
2023-12-12,1557172.8,55.7173,20.1144,10.4209,1.5575,11.2874,103.4729,No,2.42
2023-12-13,1561620.5,56.162,20.2815,10.4209,1.55,11.2971,105.5321,No,2.41
2023-12-14,1557823.64,55.7824,20.1853,10.4209,1.5624,11.3047,106.8175,No,2.41
2023-12-15,1562113.39,56.2113,20.3478,10.4209,1.5729,11.313,108.8652,No,2.41
2023-12-18,1565610.05,56.561,20.5364,10.4209,1.5664,11.3228,110.5611,No,2.4
2023-12-19,1562336.04,56.2336,20.4569,10.4209,1.5779,11.3305,109.2721,No,2.4
2023-12-20,1566062.19,56.6062,20.6025,10.4209,1.5652,11.3391,111.8128,No,2.39
2023-12-21,1560363.73,56.0364,20.4446,10.4209,1.5671,11.3486,108.7888,No,2.39
2023-12-22,1560244.76,56.0245,20.4665,10.4209,1.5731,11.358,109.9027,No,2.39
2023-12-25,1561933.64,56.1934,20.5987,10.4209,1.5877,11.365,111.431,No,2.38
2023-12-26,1566979.63,56.698,20.7885,10.4209,1.5813,11.3749,114.4962,No,2.38
2023-12-27,1563655.24,56.3655,20.7068,10.4209,1.5579,11.3781,113.2561,No,2.38
2023-12-28,1553432.63,55.3433,20.3997,10.4209,1.5619,11.3877,108.1583,No,2.37
2023-12-29,1554171.17,55.4171,20.4497,10.4209,1.5746,11.3953,107.7625,No,2.37
2024-01-02,1558308.18,55.8308,20.6898,10.4209,1.5876,11.4029,110.7817,No,2.36
2024-01-03,1562992.82,56.2993,20.8701,10.4209,1.5992,11.4266,113.3293,No,2.36
2024-01-04,1568853.15,56.8853,21.0892,10.4209,1.6235,11.429,114.8633,No,2.35
2024-01-05,1576046.19,57.6046,21.3521,10.4209,1.6503,11.4762,119.1511,No,2.35
2024-01-08,1588683.08,58.8683,21.8493,10.4209,1.6473,11.5601,125.6594,No,2.34
2024-01-09,1590080.75,59.0081,21.9233,10.4209,1.6585,11.5726,126.0938,No,2.34
2024-01-10,1594229.91,59.423,22.0877,10.4209,1.6423,11.5985,127.7733,No,2.34
2024-01-11,1586991.11,58.6991,21.8784,10.4209,1.6622,11.564,124.1078,No,2.33
2024-01-12,1592559.27,59.2559,22.09,10.4209,1.6599,11.6134,127.4207,No,2.33
2024-01-15,1592553.39,59.2553,22.1761,10.4209,1.6539,11.6448,128.8771,No,2.32
2024-01-16,1590521.8,59.0522,22.1378,10.4209,1.6927,11.6247,127.7,No,2.32
2024-01-17,1605299.86,60.53,22.6551,10.4209,1.6763,11.6995,133.8232,No,2.32
2024-01-18,1599775.61,59.9776,22.5022,10.4209,1.683,11.6694,130.4033,No,2.32
2024-01-19,1599713.39,59.9713,22.5296,10.4209,1.718,11.6758,131.2497,No,2.31
2024-01-22,1614499.62,61.45,23.109,10.4209,1.7017,11.7668,138.4913,No,2.3
2024-01-23,1609702.66,60.9703,22.9804,10.4209,1.7065,11.7505,136.1005,No,2.3
2024-01-24,1609817.78,60.9818,23.0146,10.4209,1.6925,11.7565,135.9331,No,2.3
2024-01-25,1602617.82,60.2618,22.805,10.4209,1.7237,11.7021,131.1528,No,2.3
2024-01-26,1612072.56,61.2073,23.1506,10.4209,1.7434,11.7756,137.2546,No,2.29
2024-01-29,1623369.71,62.337,23.6201,10.4209,1.7749,11.8474,144.0545,No,2.28
2024-01-30,1640222.41,64.0222,24.2124,10.4209,1.7843,11.9639,153.6591,No,2.28
2024-01-31,1648539.04,64.8539,24.5208,10.4209,1.7715,12.0303,158.4715,No,2.28
2024-02-01,1643696.26,64.3696,24.3928,10.4209,1.795,12.0151,156.5412,No,2.28
2024-02-02,1653513.28,65.3513,24.7518,10.4209,1.7921,12.1014,162.8644,No,2.27
2024-02-05,1654174.06,65.4174,24.8739,10.4209,1.7417,12.0486,161.5492,No,2.27
2024-02-06,1625190.12,62.519,23.9356,10.4209,1.7284,11.8691,145.5809,No,2.26
2024-02-07,1609880.25,60.988,23.4498,10.4209,1.7243,11.7984,138.1076,No,2.26
2024-02-08,1603701.21,60.3701,23.2712,10.4209,1.7186,11.7827,135.5472,No,2.26
2024-02-19,1599539.77,59.954,23.4766,10.4209,1.7383,11.7466,131.9023,No,2.23
2024-02-20,1604649.73,60.465,23.6858,10.4209,1.7367,11.7865,134.5491,No,2.22
2024-02-21,1604317.68,60.4318,23.7067,10.4209,1.7299,11.7958,134.4084,No,2.22
2024-02-22,1600462.81,60.0463,23.6052,10.4209,1.734,11.7819,132.1864,No,2.22
2024-02-23,1600256.18,60.0256,23.6303,10.4209,1.7266,11.7839,131.5486,No,2.22
2024-02-26,1595492.47,59.5492,23.5611,10.4209,1.6936,11.7714,130.3415,No,2.21
2024-02-27,1580281.84,58.0282,23.0579,10.4209,1.741,11.6763,122.1272,No,2.21
2024-02-28,1593876.18,59.3876,23.5692,10.4209,1.6893,11.7418,129.4149,No,2.2
2024-02-29,1574247.2,57.4247,22.9076,10.4209,1.6902,11.6419,119.1571,No,2.2
2024-03-01,1568432.42,56.8432,22.7323,10.4209,1.677,11.6307,117.0662,No,2.2
2024-03-04,1561048.45,56.1048,22.5622,10.4209,1.6628,11.6392,116.2638,No,2.19
2024-03-05,1554814.13,55.4814,22.3693,10.4209,1.6617,11.6609,116.4597,No,2.19
2024-03-06,1554711.54,55.4712,22.3966,10.4209,1.6722,11.6905,118.0255,No,2.18
2024-03-07,1559160.84,55.9161,22.5882,10.4209,1.6541,11.7604,122.8733,No,2.18
2024-03-08,1554130.63,55.4131,22.4378,10.4209,1.6358,11.7399,120.3868,No,2.18
2024-03-11,1544719.78,54.472,22.1893,10.4209,1.646,11.7077,116.2833,No,2.17
2024-03-12,1546314.84,54.6315,22.2784,10.4209,1.6542,11.7183,116.4655,No,2.17
2024-03-13,1548592.14,54.8592,22.3928,10.4209,1.6672,11.7342,117.2141,No,2.16
2024-03-14,1552954.63,55.2955,22.5835,10.4209,1.6568,11.7762,119.9334,No,2.16
2024-03-15,1549405.59,54.9406,22.4853,10.4209,1.6463,11.7773,118.895,No,2.16
2024-03-18,1544623.52,54.4624,22.4043,10.4209,1.6708,11.7312,114.4593,No,2.15
2024-03-19,1550221.83,55.0222,22.6422,10.4209,1.6638,11.7838,118.0591,No,2.15
2024-03-20,1548584.48,54.8584,22.6138,10.4209,1.6558,11.7888,117.4556,No,2.15
2024-03-21,1544095.95,54.4096,22.4797,10.4209,1.6745,11.828,119.5836,No,2.14
2024-03-22,1552824.08,55.2824,22.8347,10.4209,1.6887,11.8689,122.884,No,2.14
2024-03-25,1558618.28,55.8618,23.1471,10.4209,1.6977,11.9192,126.464,No,2.13
2024-03-26,1563105.44,56.3105,23.3466,10.4209,1.7186,11.9559,129.2672,No,2.13
2024-03-27,1572098.88,57.2099,23.7133,10.4209,1.693,12.0324,135.1352,No,2.13
2024-03-28,1563126.42,56.3126,23.4142,10.4209,1.6758,12.009,131.9147,No,2.12
2024-03-29,1554392.8,55.4393,23.122,10.4209,1.6522,12.0331,132.0768,No,2.12
2024-04-01,1545101.97,54.5102,22.8724,10.4209,1.665,12.0037,128.2511,No,2.11
2024-04-02,1548209.48,54.8209,23.0224,10.4209,1.6678,12.0389,130.2519,No,2.11
2024-04-03,1549800.27,54.98,23.1156,10.4209,1.6614,12.1015,133.91,No,2.11
2024-04-08,1549525.92,54.9526,23.2728,10.4209,1.6401,12.1875,138.9943,No,2.09
2024-04-09,1542603.85,54.2604,23.0428,10.4209,1.6602,12.165,136.1374,No,2.09
2024-04-10,1549502.81,54.9503,23.3396,10.4209,1.6606,12.2311,140.5961,No,2.09
2024-04-11,1550168.94,55.0169,23.3991,10.4209,1.6369,12.2205,139.6385,No,2.08
2024-04-12,1539673.19,53.9673,23.0311,10.4209,1.6308,12.254,139.7176,No,2.08
2024-04-15,1536721.07,53.6721,23.0183,10.4209,1.6568,12.2051,135.737,No,2.07
2024-04-16,1545111.11,54.5111,23.376,10.4209,1.6282,12.2822,141.445,No,2.07
2024-04-17,1533916.77,53.3917,22.9772,10.4209,1.6463,12.2263,135.7405,No,2.07
2024-04-18,1538437.32,53.8437,23.1863,10.4209,1.6638,12.2506,137.3822,No,2.07
2024-04-19,1545601.84,54.5602,23.4983,10.4209,1.6783,12.3196,142.2994,No,2.06
2024-04-22,1551586.58,55.1587,23.8353,10.4209,1.7153,12.2999,141.8858,No,2.05
2024-04-23,1563740.76,56.3741,24.3425,10.4209,1.6931,12.3022,143.2012,No,2.05
2024-04-24,1552581.14,55.2581,23.9448,10.4209,1.7057,12.2805,139.6511,No,2.05
2024-04-25,1556241.82,55.6242,24.1232,10.4209,1.6729,12.3005,141.3802,No,2.05
2024-04-26,1541818.33,54.1818,23.5948,10.4209,1.6526,12.242,135.3137,No,2.04
2024-04-29,1530526.33,53.0526,23.2547,10.4209,1.6785,12.1624,128.0665,No,2.04
2024-04-30,1536668.73,53.6669,23.5325,10.4209,1.6667,12.2016,130.6489,No,2.03
2024-05-06,1531839.56,53.184,23.5525,10.4209,1.68,12.1764,127.6239,No,2.02
2024-05-07,1535000.51,53.5001,23.7147,10.4209,1.6926,12.2147,129.9513,No,2.01
2024-05-08,1540085.53,54.0086,23.9542,10.4209,1.6708,12.2507,132.4071,No,2.01
2024-05-09,1531132.11,53.1132,23.6311,10.4209,1.6682,12.2028,127.2703,No,2.01
2024-05-10,1528025.49,52.8025,23.5418,10.4209,1.6767,12.27,130.7367,No,2.01
2024-05-13,1532554.97,53.2555,23.8327,10.4209,1.6892,12.2879,131.7887,No,2.0
2024-05-14,1536526.79,53.6527,24.0299,10.4209,1.6978,12.3077,132.8206,No,1.99
2024-05-15,1539593.93,53.9594,24.1909,10.4209,1.69,12.3657,136.1852,No,1.99
2024-05-16,1537536.48,53.7536,24.1445,10.4209,1.6781,12.3963,137.1351,No,1.99
2024-05-17,1532525.73,53.2526,23.9776,10.4209,1.6577,12.3754,134.6374,No,1.99
2024-05-20,1523591.16,52.3591,23.7221,10.4209,1.6779,12.4039,134.9102,No,1.98
2024-05-21,1530994.97,53.0995,24.0627,10.4209,1.668,12.4273,136.5763,No,1.98
2024-05-22,1526269.09,52.6269,23.9056,10.4209,1.7184,12.3913,134.4649,No,1.97
2024-05-23,1542862.88,54.2863,24.6247,10.4209,1.7539,12.4175,138.437,No,1.97
2024-05-24,1555740.62,55.5741,25.1908,10.4209,1.7341,12.4787,143.4172,No,1.97
2024-05-27,1547741.62,54.7742,24.9796,10.4209,1.7444,12.4491,139.6453,No,1.96
2024-05-28,1549847.21,54.9847,25.1055,10.4209,1.7389,12.4772,140.8858,No,1.96
2024-05-29,1547457.08,54.7457,25.046,10.4209,1.7384,12.4981,141.0551,No,1.95
2024-05-30,1546227.72,54.6228,25.0343,10.4209,1.7381,12.4717,138.3382,No,1.95
2024-05-31,1543956.39,54.3956,24.9793,10.4209,1.7396,12.4869,138.1701,No,1.95
2024-06-03,1543425.24,54.3425,25.0752,10.4209,1.7313,12.4649,135.8853,No,1.94
2024-06-04,1538145.57,53.8146,24.8937,10.4209,1.7408,12.4719,134.8803,No,1.94
2024-06-05,1540863.79,54.0864,25.0471,10.4209,1.7391,12.4876,135.3778,No,1.93
2024-06-06,1539978.05,53.9978,25.0495,10.4209,1.7447,12.5451,138.1698,No,1.93
2024-06-07,1542975.1,54.2975,25.2154,10.4209,1.753,12.5779,139.8814,No,1.93
2024-06-11,1544885.08,54.4885,25.4573,10.4209,1.7601,12.4986,134.1975,No,1.92
2024-06-12,1542941.4,54.2941,25.4155,10.4209,1.7544,12.5204,134.4774,No,1.92
2024-06-13,1540256.72,54.0257,25.342,10.4209,1.7646,12.5187,133.2265,No,1.91
2024-06-14,1542868.05,54.2868,25.4939,10.4209,1.7592,12.5498,134.6863,No,1.91
2024-06-17,1540447.57,54.0448,25.5135,10.4209,1.761,12.5546,133.8044,No,1.9
2024-06-18,1540043.65,54.0044,25.5373,10.4209,1.7659,12.5696,133.8668,No,1.9
2024-06-19,1541313.57,54.1314,25.6332,10.4209,1.7517,12.6051,135.4896,No,1.9
2024-06-20,1535848.54,53.5849,25.4391,10.4209,1.7439,12.6129,134.4097,No,1.89
2024-06-21,1532115.39,53.2115,25.3189,10.4209,1.795,12.5917,133.4135,No,1.89
2024-06-24,1549403.5,54.9404,26.1925,10.4209,1.8258,12.6521,139.4867,No,1.88
2024-06-25,1561882.36,56.1882,26.7752,10.4209,1.8108,12.7517,146.6248,No,1.88
2024-06-26,1556849.2,55.6849,26.6012,10.4209,1.8473,12.7011,142.6042,No,1.88
2024-06-27,1568192.98,56.8193,27.1365,10.4209,1.8392,12.7671,147.4495,No,1.87
2024-06-28,1565780.33,56.578,27.0766,10.4209,1.8432,12.8041,148.5893,No,1.87
2024-07-01,1567391.62,56.7392,27.2812,10.4209,1.8595,12.8248,149.456,No,1.86
2024-07-02,1573502.66,57.3503,27.5931,10.4209,1.8483,12.8849,153.1954,No,1.86
2024-07-03,1569350.51,56.9351,27.4575,10.4209,1.8636,12.8901,152.2349,No,1.86
2024-07-04,1591017.77,59.1018,28.4493,10.4209,1.9113,12.8069,156.4033,No,1.85
2024-07-05,1583646.8,58.3647,28.1751,10.4209,1.9218,12.79,153.2946,No,1.85
2024-07-08,1587660.81,58.7661,28.4933,10.4209,1.901,12.8258,155.6213,No,1.84
2024-07-09,1561634.14,56.1634,27.3924,10.4209,1.8385,12.9126,149.3558,No,1.84
2024-07-10,1559544.57,55.9545,27.3456,10.4209,1.8203,12.9264,149.187,No,1.84
2024-07-11,1551519.46,55.1519,27.034,10.4209,1.8171,12.9163,146.5248,No,1.84
2024-07-12,1549139.41,54.9139,26.9731,10.4209,1.8233,12.9338,146.4116,No,1.83
2024-07-15,1550806.77,55.0807,27.1847,10.4209,1.7887,12.946,147.2742,No,1.82
2024-07-16,1536149.03,53.6149,26.5692,10.4209,1.7858,12.9052,141.8022,No,1.82
2024-07-17,1533625.75,53.3626,26.4998,10.4209,1.7766,12.9421,142.8179,No,1.82
2024-07-18,1529678.7,52.9679,26.3652,10.4209,1.7893,12.9296,140.7021,No,1.82
2024-07-19,1531572.39,53.1572,26.4962,10.4209,1.7961,12.8667,136.1862,No,1.81
2024-07-22,1530396.68,53.0397,26.5777,10.4209,1.8565,12.836,135.3916,No,1.81
2024-07-23,1550981.67,55.0982,27.565,10.4209,1.8497,12.9669,145.476,No,1.8
2024-07-24,1551073.36,55.1073,27.6165,10.4209,1.877,13.0145,148.1557,No,1.8
2024-07-25,1560306.1,56.0306,28.0862,10.4209,1.8701,13.004,147.9604,No,1.8
2024-07-26,1555203.78,55.5204,27.901,10.4209,1.8856,12.9947,145.8981,No,1.79
2024-07-29,1560349.24,56.0349,28.2829,10.4209,1.8786,13.0674,150.1632,No,1.79
2024-07-30,1558155.31,55.8155,28.2308,10.4209,1.8248,13.0378,149.3112,No,1.78
2024-07-31,1534376.9,53.4377,27.1768,10.4209,1.8331,12.9274,138.1233,No,1.78
2024-08-01,1533869.76,53.387,27.2003,10.4209,1.8481,12.9634,139.5746,No,1.78
2024-08-02,1539798.97,53.9799,27.5244,10.4209,1.9155,12.9874,143.9361,No,1.78
2024-08-05,1563083.18,56.3083,28.7576,10.4209,1.9121,13.0673,151.3357,No,1.77
2024-08-06,1560826.02,56.0826,28.7027,10.4209,1.9251,13.0324,147.967,No,1.76
2024-08-07,1563503.02,56.3503,28.8785,10.4209,1.9232,13.0771,150.1663,No,1.76
2024-08-08,1562529.94,56.253,28.8838,10.4209,1.9221,13.0874,149.6952,No,1.76
2024-08-09,1561446.01,56.1446,28.8839,10.4209,1.9104,13.1245,150.8904,No,1.76
2024-08-12,1557019.76,55.702,28.8284,10.4209,1.8985,13.1397,150.2572,No,1.75
2024-08-13,1551884.22,55.1884,28.6359,10.4209,1.9202,13.1425,149.0544,No,1.75
2024-08-14,1574549.49,57.4549,29.7621,10.4209,1.9791,13.0443,152.5426,No,1.74
2024-08-15,1555516.77,55.5517,28.9111,10.4209,1.9191,13.1832,150.1794,No,1.74
2024-08-16,1556462.32,55.6462,29.0078,10.4209,1.9119,13.2103,151.0049,No,1.74
2024-08-19,1569049.98,56.905,29.7674,10.4209,1.9958,13.0866,151.6837,No,1.73
2024-08-20,1575979.93,57.598,30.1529,10.4209,1.998,13.1395,155.2398,No,1.73
2024-08-21,1576108.34,57.6108,30.2136,10.4209,2.015,13.1619,155.9362,No,1.72
2024-08-22,1581847.35,58.1847,30.5439,10.4209,2.0217,13.198,158.2155,No,1.72
2024-08-23,1582799.98,58.28,30.6452,10.4209,2.0227,13.2104,158.1296,No,1.72
2024-08-26,1576969.22,57.6969,30.5311,10.4209,2.0608,12.9795,159.3626,No,1.71
2024-08-27,1583362.5,58.3363,30.8968,10.4209,2.0724,13.0158,162.4979,No,1.71
2024-08-28,1586238.33,58.6238,31.093,10.4209,2.0613,13.0388,163.7208,No,1.7
2024-08-29,1579701.49,57.9701,30.8322,10.4209,2.0396,13.0286,160.4709,No,1.7
2024-08-30,1575064.96,57.5065,30.6627,10.4209,2.0742,13.2236,155.0041,No,1.7
2024-09-02,1589725.08,58.9725,31.5517,10.4209,2.0895,13.0508,164.1967,No,1.69
2024-09-03,1584943.03,58.4943,31.3756,10.4209,2.105,13.0518,162.2615,No,1.69
2024-09-04,1589452.27,58.9452,31.6557,10.4209,2.1021,13.071,163.3035,No,1.68
2024-09-05,1587752.44,58.7752,31.6309,10.4209,2.1184,13.0911,163.7032,No,1.68
2024-09-06,1593790.92,59.3791,31.9879,10.4209,2.1474,13.1258,167.2578,No,1.68
2024-09-09,1602616.54,60.2617,32.6056,10.4209,2.1343,13.1566,170.2766,No,1.67
2024-09-10,1595820.09,59.582,32.3296,10.4209,2.1224,13.1629,168.1984,No,1.67
2024-09-11,1590442.24,59.0442,32.1226,10.4209,2.1369,13.1676,166.4552,No,1.67
2024-09-12,1595387.3,59.5387,32.4302,10.4209,2.1305,13.1986,168.6706,No,1.66
2024-09-13,1593298.92,59.3299,32.3871,10.4209,2.1509,13.2313,170.2325,No,1.66
2024-09-18,1600000.51,60.0001,33.0352,10.4209,2.1498,13.2699,173.4202,No,1.65
2024-09-19,1596986.08,59.6986,32.9459,10.4209,2.1401,13.2738,171.7175,No,1.64
2024-09-20,1594461.33,59.4461,32.8809,10.4209,2.1452,13.3092,173.0192,No,1.64
2024-09-23,1596266.11,59.6266,33.1634,10.4209,2.109,13.3328,175.277,No,1.63
2024-09-24,1576817.01,57.6817,32.2294,10.4209,2.0973,13.2798,165.3699,No,1.63
2024-09-25,1574117.4,57.4117,32.1524,10.4209,2.0532,13.28,165.2549,No,1.63
2024-09-26,1553312.62,55.3313,31.1362,10.4209,1.9776,13.1705,155.3776,No,1.62
2024-09-27,1512192.68,51.2193,29.0439,10.4209,1.742,12.99,139.2039,No,1.62
2024-09-30,1446389.45,44.6389,25.6979,10.4209,1.615,12.1939,102.9136,No,1.61
2024-10-08,1390842.27,39.0842,23.03,10.4209,1.7136,12.0037,72.8715,No,1.59
2024-10-09,1403957.8,40.3958,23.8031,10.4209,1.7718,12.0093,77.3957,No,1.59
2024-10-10,1417618.72,41.7619,24.6071,10.4209,1.8368,12.0268,85.5166,No,1.59
2024-10-11,1434582.69,43.4583,25.5944,10.4209,1.7806,12.0806,96.9239,No,1.58
2024-10-14,1420228.3,42.0228,24.9437,10.4209,1.8289,12.0519,91.1699,No,1.58
2024-10-15,1430668.06,43.0668,25.5756,10.4209,1.8455,12.0922,96.9397,No,1.57
2024-10-16,1435313.32,43.5313,25.8852,10.4209,1.8354,12.1366,102.1433,No,1.57
2024-10-17,1432459.68,43.246,25.7761,10.4209,1.7051,11.9095,101.3599,No,1.57
2024-10-18,1391583.77,39.1584,23.5195,10.4209,1.6771,11.8428,80.8744,No,1.56
2024-10-21,1380399.75,38.04,23.0178,10.4209,1.7022,11.8422,76.9483,No,1.56
2024-10-22,1384796.53,38.4797,23.3149,10.4209,1.7047,11.8661,79.5583,No,1.55
2024-10-23,1385081.29,38.5081,23.377,10.4209,1.7213,11.8833,80.7839,No,1.55
2024-10-24,1388563.14,38.8563,23.6232,10.4209,1.704,11.8972,81.0705,No,1.55
2024-10-25,1383774.08,38.3774,23.3935,10.4209,1.711,11.905,78.5834,No,1.55
2024-10-28,1384228.12,38.4228,23.5586,10.4209,1.7173,11.9234,79.4262,No,1.54
2024-10-29,1385090.39,38.509,23.6555,10.4209,1.7275,11.9454,81.4843,No,1.53
2024-10-30,1387133.23,38.7133,23.8216,10.4209,1.7193,11.9727,84.6169,No,1.53
2024-10-31,1384904.13,38.4904,23.7388,10.4209,1.7856,11.9481,82.5933,No,1.53
2024-11-01,1398796.18,39.8796,24.5984,10.4209,1.7732,11.9804,88.3606,No,1.53
2024-11-04,1395682.12,39.5682,24.5638,10.4209,1.7197,11.9593,85.4204,No,1.52
2024-11-05,1381469.96,38.147,23.7743,10.4209,1.7274,11.9544,77.6955,No,1.52
2024-11-06,1381303.1,38.1303,23.8122,10.4209,1.716,11.9691,77.3526,No,1.51
2024-11-07,1378835.58,37.8836,23.7136,10.4209,1.7191,11.9702,72.1198,No,1.51
2024-11-08,1377216.1,37.7216,23.665,10.4209,1.6566,11.9531,72.59,No,1.51
2024-11-11,1362588.49,36.2588,22.9301,10.4209,1.7289,11.92,64.8435,No,1.5
2024-11-12,1375254.34,37.5254,23.7396,10.4209,1.7168,11.9434,68.4993,No,1.5
2024-11-13,1372710.85,37.2711,23.6346,10.4209,1.805,11.9015,66.7801,No,1.49
2024-11-14,1389850.72,38.9851,24.7169,10.4209,1.8677,11.8941,72.3079,No,1.49
2024-11-15,1402767.95,40.2768,25.5459,10.4209,1.8752,11.9213,79.3687,No,1.49
2024-11-18,1404453.63,40.4454,25.8068,10.4209,1.8125,11.9118,82.7318,No,1.48
2024-11-19,1388892.86,38.8893,24.9144,10.4209,1.8093,11.9212,77.3668,No,1.48
2024-11-20,1386889.87,38.689,24.8437,10.4209,1.7826,11.9316,76.5664,No,1.47
2024-11-21,1379802.06,37.9802,24.4611,10.4209,1.8261,11.9313,75.0086,No,1.47
2024-11-22,1388097.46,38.8097,25.0212,10.4209,1.867,11.9433,82.6112,No,1.47
2024-11-25,1396990.7,39.6991,25.7271,10.4209,1.9016,11.9519,84.7905,No,1.46
2024-11-26,1404024.34,40.4024,26.2154,10.4209,1.8413,11.9371,86.0193,No,1.46
2024-11-27,1388638.79,38.8639,25.318,10.4209,1.859,11.9451,79.5326,No,1.45
2024-11-28,1391235.86,39.1236,25.5328,10.4209,1.814,11.9459,79.9508,No,1.45
2024-11-29,1380068.36,38.0068,24.8903,10.4209,1.82,11.959,75.716,No,1.45
2024-12-02,1380489.84,38.049,25.0752,10.4209,1.8253,11.974,74.2636,No,1.44
2024-12-03,1380322.24,38.0322,25.118,10.4209,1.8388,11.9915,76.0876,No,1.44
2024-12-04,1382815.21,38.2815,25.3289,10.4209,1.837,12.0099,77.1284,No,1.44
2024-12-05,1381826.47,38.1826,25.3205,10.4209,1.8271,12.0267,76.6889,No,1.43
2024-12-06,1379096.76,37.9097,25.2014,10.4209,1.8409,12.0402,74.494,No,1.43
2024-12-09,1380772.67,38.0773,25.4713,10.4209,1.8254,12.059,76.4181,No,1.42
2024-12-10,1376941.95,37.6942,25.2808,10.4209,1.8208,12.0757,75.1041,No,1.42
2024-12-11,1374913.72,37.4914,25.2051,10.4209,1.8069,12.0939,75.7514,No,1.42
2024-12-12,1371256.24,37.1256,25.0238,10.4209,1.86,12.0895,75.1069,No,1.41
2024-12-13,1381331.89,38.1332,25.7287,10.4209,1.9013,12.0953,78.8432,No,1.41
2024-12-16,1389526.7,38.9527,26.4295,10.4209,1.9186,12.1118,81.5036,No,1.4
2024-12-17,1392573.39,39.2573,26.6856,10.4209,1.9002,12.1293,83.0033,No,1.4
2024-12-18,1387941.2,38.7941,26.4425,10.4209,1.8988,12.1453,80.3488,No,1.4
2024-12-19,1386873.44,38.6873,26.431,10.4209,1.8745,12.1569,78.2622,No,1.39
2024-12-20,1380599.74,38.06,26.078,10.4209,1.8834,12.1722,75.0525,No,1.39
2024-12-23,1381063.57,38.1064,26.2823,10.4209,1.8674,12.1918,77.2616,No,1.38
2024-12-24,1377457.0,37.7457,26.1018,10.4209,1.8637,12.2081,74.5678,No,1.38
2024-12-25,1375509.42,37.5509,26.0305,10.4209,1.8504,12.2255,73.9947,No,1.38
2024-12-26,1371976.54,37.1977,25.853,10.4209,1.8668,12.2407,72.3571,No,1.38
2024-12-27,1374286.81,37.4287,26.0652,10.4209,1.8724,12.2599,73.7859,No,1.37
2024-12-30,1375032.68,37.5033,26.2915,10.4209,1.9769,12.2062,73.4362,No,1.36
2025-01-02,1394274.7,39.4275,27.7729,10.4209,1.9873,12.2237,85.2911,No,1.36
2025-01-03,1396810.22,39.681,28.008,10.4209,2.007,12.2451,87.9498,No,1.35
2025-01-06,1400991.82,40.0992,28.4865,10.4209,1.9723,12.2557,88.5729,No,1.35
2025-01-07,1389339.41,38.9339,27.7549,10.4209,1.9732,12.1969,83.3342,No,1.34
2025-01-08,1387283.32,38.7283,27.6777,10.4209,1.9719,12.2155,83.4123,No,1.34
2025-01-09,1386328.6,38.6329,27.6759,10.4209,1.9801,12.2419,84.1143,No,1.34
2025-01-10,1393914.92,39.3915,28.2635,10.2609,2.0095,12.2297,86.2152,No,1.33
2025-01-13,1391941.01,39.1941,28.3244,10.2609,1.9755,12.2361,85.9035,No,1.33
2025-01-14,1377198.46,37.7198,27.3617,10.4209,1.9449,12.236,80.2999,No,1.32
2025-01-15,1375396.92,37.5397,27.2994,10.4209,1.9756,12.2539,81.0594,No,1.32
2025-01-16,1388535.25,38.8535,28.2854,10.2609,1.9922,12.2699,85.085,No,1.32
2025-01-17,1383333.74,38.3334,27.9862,10.2609,1.9942,12.261,83.2634,No,1.32
2025-01-20,1382933.72,38.2934,28.1566,10.2609,1.9853,12.2745,82.8152,No,1.31
2025-01-21,1373650.79,37.3651,27.5629,10.4209,1.9394,12.3336,81.3125,No,1.3
2025-01-22,1375829.33,37.5829,27.7838,10.2609,1.9905,12.287,81.4902,No,1.3
2025-01-23,1379074.55,37.9075,28.0821,10.2609,1.9705,12.3316,83.2249,No,1.3
2025-01-24,1373489.4,37.3489,27.7485,10.2609,2.0129,12.3104,81.5845,No,1.3
2025-01-27,1382678.28,38.2678,28.6126,10.2609,1.9193,12.3126,85.3382,No,1.29
2025-02-05,1363974.13,36.3974,27.8597,10.2052,1.9174,12.1894,80.1073,No,1.26
2025-02-06,1345503.93,34.5504,26.5515,10.2609,1.8611,12.1711,75.0506,No,1.26
2025-02-07,1341624.28,34.1624,26.3261,10.2609,1.8135,12.1539,73.7484,No,1.26
2025-02-10,1338032.62,33.8033,26.2493,10.2052,1.8691,12.0824,70.7375,No,1.25
2025-02-11,1337899.17,33.7899,26.3038,10.2052,1.848,12.1285,72.7964,No,1.25
2025-02-12,1334953.68,33.4954,26.1451,10.2052,1.8921,12.0991,70.0206,No,1.24
2025-02-13,1341238.48,34.1238,26.6883,10.2052,1.8695,12.1779,74.0407,No,1.24
2025-02-14,1336685.63,33.6686,26.4071,10.2052,1.8744,12.1807,73.1256,No,1.24
2025-02-17,1329756.81,32.9757,26.0714,10.2609,1.8681,12.201,70.6483,No,1.23
2025-02-18,1344424.33,34.4424,27.269,10.2052,1.8648,12.2317,75.0596,No,1.23
2025-02-19,1332607.05,33.2607,26.423,10.2052,1.8661,12.1876,71.0996,No,1.22
2025-02-20,1331630.75,33.1631,26.4136,10.2052,1.7843,12.1601,71.3457,No,1.22
2025-02-21,1305087.29,30.5087,24.4086,10.2609,1.7376,12.0782,61.6906,No,1.22
2025-02-24,1302348.6,30.2349,24.3772,10.2609,1.7371,12.0858,60.9146,No,1.21
2025-02-25,1301635.05,30.1635,24.3823,10.2609,1.7187,12.099,60.4992,No,1.21
2025-02-26,1292835.03,29.2835,23.7457,10.4209,1.7009,12.1416,57.0923,No,1.21
2025-02-27,1294475.45,29.4475,23.9364,10.4209,1.8037,12.1035,57.1666,No,1.2
2025-02-28,1318085.81,31.8086,25.8789,10.2609,1.8708,12.1553,64.0851,No,1.2
2025-03-03,1323451.18,32.3451,26.5094,10.2609,1.8304,12.2048,66.6254,No,1.19
2025-03-04,1314282.55,31.4283,25.84,10.2609,1.814,12.1795,63.8016,No,1.19
2025-03-05,1309737.51,30.9738,25.5397,10.2609,1.7576,12.1698,63.3253,No,1.19
2025-03-06,1293372.43,29.3372,24.2785,10.4209,1.757,12.1748,57.8255,No,1.18
2025-03-07,1303617.74,30.3618,25.1748,10.2609,1.7966,12.157,59.8149,No,1.18
2025-03-10,1303051.93,30.3052,25.3256,10.2609,1.8168,12.1778,60.1705,No,1.17
2025-03-11,1306960.26,30.696,25.7133,10.2609,1.8311,12.2118,60.814,No,1.17
2025-03-12,1308222.85,30.8223,25.8849,10.2609,1.8584,12.2421,61.9963,No,1.17
2025-03-13,1312690.96,31.2691,26.3225,10.2609,1.7987,12.2915,65.4802,No,1.16
2025-03-14,1309093.64,30.9094,26.0939,10.2052,1.8607,12.222,62.6804,No,1.16
2025-03-17,1309978.82,30.9979,26.3765,10.2052,1.8389,12.252,63.4163,No,1.15
2025-03-18,1304758.58,30.4759,26.0089,10.2052,1.8445,12.2541,62.4249,No,1.15
2025-03-19,1304662.89,30.4663,26.0704,10.2052,1.8592,12.2941,64.3687,No,1.15
2025-03-20,1307887.27,30.7887,26.4125,10.2052,1.9049,12.3269,66.2433,No,1.15
2025-03-21,1316246.35,31.6246,27.1908,10.2052,1.9005,12.4028,69.7343,No,1.14
2025-03-24,1315027.3,31.5027,27.3087,10.2052,1.9324,12.4107,69.2395,No,1.13
2025-03-25,1320199.77,32.02,27.8258,10.2052,1.9332,12.4686,71.5762,No,1.13
2025-03-26,1319677.63,31.9678,27.8572,10.2052,1.9111,12.4945,72.0168,No,1.13
2025-03-27,1314770.48,31.477,27.5111,10.2052,1.903,12.4884,70.1132,No,1.13
2025-03-28,1311012.63,31.1013,27.262,10.2052,1.8906,12.5284,71.9464,No,1.12
2025-03-31,1297915.73,29.7916,26.3456,12.5895,1.6397,13.9959,73.0833,No,1.12
2025-04-01,1294050.06,29.405,26.0798,12.553,1.6535,13.9896,72.8025,No,1.11
2025-04-02,1295972.65,29.5973,26.3209,12.5698,1.6519,14.0325,73.0775,No,1.11
2025-04-03,1295324.54,29.5325,26.3369,12.5459,1.9077,13.7187,73.8725,No,1.11
2025-04-07,1331825.29,33.1825,29.8847,11.6093,1.9625,12.9223,91.5385,No,1.1
2025-04-08,1326037.36,32.6037,29.4531,11.278,1.9082,12.6457,88.2953,No,1.09
2025-04-09,1313443.53,31.3444,28.4084,12.6462,1.7308,13.8656,80.5224,No,1.09
2025-04-10,1300852.84,30.0853,27.3564,12.5481,1.6731,13.7701,78.5819,No,1.09
2025-04-11,1286083.9,28.6084,26.1001,12.4592,1.656,13.6855,74.966,No,1.08
2025-04-14,1282111.5,28.2111,25.9611,12.4243,1.6732,13.6778,74.522,No,1.08
2025-04-15,1285071.4,28.5071,26.3062,12.4296,1.6265,13.7094,75.8995,No,1.07
2025-04-16,1274129.38,27.4129,25.3768,12.3346,1.6118,13.6462,74.4831,No,1.07
2025-04-17,1269916.74,26.9917,25.0613,12.295,1.6278,13.6366,74.0879,No,1.07
2025-04-18,1270678.1,27.0678,25.2036,12.2962,1.5766,13.6392,75.5059,No,1.07
2025-04-21,1260370.23,26.037,24.4602,12.2165,1.5289,13.568,73.6441,No,1.06
2025-04-22,1250011.47,25.0011,23.5605,12.0981,1.6589,13.407,74.1897,No,1.05
2025-04-23,1273525.3,27.3525,25.838,12.326,1.663,13.647,74.8038,No,1.05
